id,region,year,local_tax_revenue,non_tax_revenue,own_revenue,local_share_tax,national_subsidy,local_transfer,dependent_revenue,total_revenue,fiscal_autonomy_ratio,fiscal_independence_ratio,transfer_dependency_ratio,fiscal_power_index,per_capita_local_tax,local_debt_amount,created_at
1,서울특별시,1997,7496799002360.5,1555032117152.0225,9051831119512.523,527253605917.17017,263626802958.58508,87875600986.19504,878756009861.9503,9930587129374.475,0.9115101656716139,0.9539852861492392,8.848983432838606,84.15536245627194,865746.5015863335,3636509962654.0215,2025-09-11 02:05:29
2,부산광역시,1997,1761497337860.195,144509975371.82477,1906007313232.0198,127021975084.47736,63510987542.23868,21170329180.74623,211703291807.46228,2117710605039.482,0.90003200092417,0.9480166404805684,9.996799907582998,94.60363349361484,593075.6590107288,598228317861.2231,2025-09-11 02:05:29
3,대구광역시,1997,1117497514043.1443,210739391557.73328,1328236905600.8774,292456116383.9245,146228058191.96225,48742686063.98743,487426860639.87415,1815663766240.7515,0.7315434334799393,0.8604025854095686,26.845656652006067,74.24828155356417,636495.3096081779,492387303939.8506,2025-09-11 02:05:29
4,인천광역시,1997,1359543465030.3079,75370779197.57404,1434914244227.8818,291714261390.8323,145857130695.41614,48619043565.13872,486190435651.38715,1921104679879.269,0.7469214245618612,0.8683991407721677,25.30785754381388,77.93770877537757,627653.8280646601,720588995145.8856,2025-09-11 02:05:29
5,광주광역시,1997,492596299793.0069,114717486398.61829,607313786191.6252,220525890433.4955,110262945216.74776,36754315072.24926,367543150722.49255,974856936914.1178,0.62297734487489,0.8039482193349428,37.702265512511005,68.85307544590992,545319.326391183,280156851220.15607,2025-09-11 02:05:29
6,대전광역시,1997,607964194886.758,62180693583.17904,670144888469.9371,137386734660.24786,68693367330.12393,22897789110.041313,228977891100.41312,899122779570.3502,0.7453318987092828,0.8675725873288271,25.466810129071714,79.47390030282176,543797.2854237517,306527900878.2073,2025-09-11 02:05:29
7,울산광역시,1997,347597585200.87994,47465867970.82987,395063453171.70984,136923962889.11377,68461981444.556885,22820660481.518967,228206604815.18964,623270057986.8994,0.633855979617769,0.80960510940124,36.614402038223105,67.32533255909445,498532.4977428268,76565263612.39998,2025-09-11 02:05:29
8,세종특별자치시,1997,177795906827.92947,32464684071.428154,210260590899.35764,41075316067.492134,20537658033.746067,6845886011.24869,68458860112.48689,278719451011.84454,0.7543807586303776,0.8722779944877963,24.56192413696224,90.99950626763349,673384.493720304,64506553230.95178,2025-09-11 02:05:29
9,경기도,1997,8972327453963.736,1751189525131.0662,10723516979094.803,1133777809846.0066,566888904923.0033,188962968307.6678,1889629683076.6775,12613146662171.48,0.8501857043537018,0.9220965662639249,14.981429564629819,89.87656191915546,781731.3853177404,3229936424592.0923,2025-09-11 02:05:29
10,강원도,1997,214458893476.5722,21795298807.25331,236254192283.8255,296249950693.18286,148124975346.59143,49374991782.19715,493749917821.97144,730004110105.7969,0.3236340576898752,0.6482897099987353,67.63659423101248,36.295377349213325,441772.40390457516,20556498770.95704,2025-09-11 02:05:29
11,충청북도,1997,397111857061.7259,76045639825.01443,473157496886.74036,229861309094.82465,114930654547.41232,38310218182.47078,383102181824.7077,856259678711.448,0.5525864508752493,0.7673449544551297,44.741354912475074,62.153895298174135,449151.2780859164,313604690825.70074,2025-09-11 02:05:29
12,충청남도,1997,335344665973.0733,44591238849.65804,379935904822.7313,341695246027.92004,170847623013.96002,56949207671.32001,569492076713.2001,949427981535.9314,0.4001734857320008,0.6880902125806404,59.982651426799926,34.582311148080976,399046.76814245054,327782735845.58374,2025-09-11 02:05:29
13,전라북도,1997,223560502649.33884,47159578770.47756,270720081419.8164,386098972471.3842,193049486235.6921,64349828745.230705,643498287452.307,914218368872.1234,0.2961219011096937,0.6339833885770408,70.38780988903063,36.44940186395904,419422.807918637,427025398549.9481,2025-09-11 02:05:29
14,전라남도,1997,383713540513.28424,58464821600.66269,442178362113.9469,340419162750.59265,170209581375.29633,56736527125.098785,567365271250.9878,1009543633364.9347,0.4379982672369607,0.7077590989632195,56.200173276303936,34.319293636957376,461085.1460234947,213175994893.6832,2025-09-11 02:05:29
15,경상북도,1997,397764564485.32495,49474445301.97872,447239009787.30365,463249325386.83765,231624662693.41882,77208220897.80627,772082208978.0627,1219321218765.3665,0.36679342810105375,0.670732582612548,63.320657189894625,43.354476297337655,417091.36324477865,699184812648.8224,2025-09-11 02:05:29
16,경상남도,1997,649093413718.2224,155361250544.9006,804454664263.123,505663188157.765,252831594078.8825,84277198026.29419,842771980262.9417,1647226644526.0647,0.4883691427263055,0.7339519542176788,51.16308572736945,47.263753360583614,402758.8081342798,408508856702.9786,2025-09-11 02:05:29
17,제주특별자치도,1997,104732369035.77933,21393444957.17072,126125813992.95004,139925468468.7296,69962734234.3648,23320911411.454937,233209114114.54935,359334928107.4994,0.3509979245747521,0.6625189207788711,64.9002075425248,39.133748666256395,445350.1225099909,111887332791.54462,2025-09-11 02:05:29
18,서울특별시,1998,6362719587877.499,1400165059291.9163,7762884647169.415,929989485963.0381,464994742981.51904,154998247660.50635,1549982476605.0635,9312867123774.479,0.833565489982331,0.9134540547908122,16.6434510017669,76.97441656277326,799490.7362905013,4737388345946.304,2025-09-11 02:05:29
19,부산광역시,1998,1461696298685.0957,179829481073.07254,1641525779758.1682,355505297851.5243,177752648925.76215,59250882975.25406,592508829752.5405,2234034609510.709,0.7347808188690909,0.8620860258119272,26.52191811309091,63.325972301053554,599817.9605477693,763705751953.5248,2025-09-11 02:05:29
20,대구광역시,1998,948794030369.2253,186458729171.11954,1135252759540.345,422787491947.98535,211393745973.99268,70464581991.3309,704645819913.309,1839898579453.6538,0.6170192054159045,0.8008499868162705,38.29807945840955,58.7792434702379,637523.4117373263,716830042875.5114,2025-09-11 02:05:29
21,인천광역시,1998,1151484634494.892,188857192476.6203,1340341826971.5125,450553292487.373,225276646243.6865,75092215414.56218,750922154145.6216,2091263981117.134,0.6409242635430052,0.8132806170423628,35.90757364569947,67.68951174379006,616435.3324885083,729084991679.1626,2025-09-11 02:05:29
22,광주광역시,1998,380674712672.427,63172780343.5479,443847493015.9749,288719874515.5186,144359937257.7593,48119979085.91977,481199790859.19775,925047283875.1726,0.4798106007691045,0.7295015123999344,52.018939923089555,60.041850286583895,544440.4994901932,276814326281.4091,2025-09-11 02:05:29
23,대전광역시,1998,585834194469.4291,115655616469.76003,701489810939.1891,231985515789.19025,115992757894.59512,38664252631.53171,386642526315.31714,1088132337254.5062,0.6446732505984847,0.815230090311212,35.53267494015154,69.04553342393446,602806.6493382612,351481760142.89294,2025-09-11 02:05:29
24,울산광역시,1998,425847455992.0995,82539336375.99101,508386792368.0905,149029712977.56186,74514856488.78093,24838285496.260315,248382854962.6031,756769647330.6936,0.6717853895981314,0.8293284025910284,32.821461040186854,64.83160115332247,573409.8497219288,231831673452.00912,2025-09-11 02:05:29
25,세종특별자치시,1998,217224829679.91705,33289829327.89716,250514659007.8142,29602303353.655502,14801151676.827751,4933717225.609251,49337172256.09251,299851831263.90674,0.8354614942715834,0.9144399770212234,16.453850572841652,80.40006905186354,739179.9112575847,115116074505.78806,2025-09-11 02:05:29
26,경기도,1998,9091032504510.42,772605003936.0499,9863637508446.47,943168901723.5007,471584450861.75037,157194816953.9168,1571948169539.1677,11435585677985.639,0.862538901477929,0.9285202287685231,13.746109852207097,77.34224063751749,776845.6191368275,4013538376686.4995,2025-09-11 02:05:29
27,강원도,1998,201578131066.07913,30385620155.029507,231963751221.10864,305826565367.8458,152913282683.9229,50971094227.97431,509710942279.74304,741674693500.8517,0.31275672913443187,0.6426334991499045,68.72432708655681,31.519076924599464,427542.92001728574,413474042088.50006,2025-09-11 02:05:29
28,충청북도,1998,369092910632.37616,77205899383.92989,446298810016.306,233716081642.9071,116858040821.45355,38952680273.817856,389526802738.1785,835825612754.4846,0.5339616341087191,0.7576600497365339,46.603836589128086,54.69312037240318,429872.71044937585,150978032294.12033,2025-09-11 02:05:29
29,충청남도,1998,520905471559.15784,91621535269.79947,612527006828.9573,241742623048.72446,120871311524.36223,40290437174.78741,402904371747.8741,1015431378576.8313,0.6032185135813303,0.7936736270622918,39.678148641866976,57.736222965135,409165.3990648586,268347392497.3775,2025-09-11 02:05:29
30,전라북도,1998,494478535755.6376,109875260105.72339,604353795861.361,153258660779.3459,76629330389.67294,25543110129.890984,255431101298.90982,859784897160.2708,0.702912784182931,0.8455146477751241,29.708721581706897,74.18160007520078,388872.8971733784,180358931360.5158,2025-09-11 02:05:29
31,전라남도,1998,573020568153.6282,126274025435.05742,699294593588.6855,221355992969.89734,110677996484.94867,36892665494.982895,368926654949.8289,1068221248538.5144,0.6546346035949243,0.8204099938693606,34.53653964050757,68.68449996517316,458407.6087486639,237474378488.33047,2025-09-11 02:05:29
32,경상북도,1998,563122011112.8546,93995795129.68533,657117806242.5399,396176456808.89886,198088228404.44943,66029409468.14982,660294094681.498,1317411900924.038,0.4987944968324901,0.7393731383528948,50.12055031675098,50.32579177326639,432057.5577420943,437002522617.42444,2025-09-11 02:05:29
33,경상남도,1998,523345528287.1747,50437972543.08474,573783500830.2594,526192541519.37024,263096270759.68512,87698756919.89505,876987569198.9504,1450771070029.21,0.39550244189712636,0.6856612697865057,60.449755810287364,38.701381582387,398987.6727273723,460613854560.49396,2025-09-11 02:05:29
34,제주특별자치도,1998,131569545942.02336,31441119542.289665,163010665484.31302,100282519515.96771,50141259757.98386,16713753252.661285,167137532526.61285,330148198010.9259,0.49374997793844805,0.7367499885279929,50.62500220615519,51.9826368224911,395738.2848584744,104151132384.001,2025-09-11 02:05:29
35,서울특별시,1999,6945915999452.104,591620988361.3715,7537536987813.475,1066827907994.2439,533413953997.12195,177804651332.37402,1778046513323.7397,9315583501137.215,0.8091320298823276,0.9007486555388103,19.08679701176724,75.06778890177166,894674.6962281909,3181199090249.691,2025-09-11 02:05:30
36,부산광역시,1999,1138296412137.4949,193105587564.02103,1331401999701.5159,449916781687.6036,224958390843.8018,74986130281.26726,749861302812.6726,2081263302514.1885,0.6397085837688907,0.8126484635598231,36.02914162311093,67.21473803424853,533872.8987138718,596709966376.8998,2025-09-11 02:05:30
37,대구광역시,1999,1102511349441.3052,246189192277.89316,1348700541719.1982,280383696877.9972,140191848438.9986,46730616146.33287,467306161463.3287,1816006703182.5269,0.7426737684148517,0.8661903595757229,25.732623158514834,73.73222738925769,612424.2354173897,560856976899.0005,2025-09-11 02:05:30
38,인천광역시,1999,1486664629151.4995,305841654764.4691,1792506283915.9688,131789981971.49277,65894990985.74638,21964996995.248795,219649969952.4879,2012156253868.4565,0.8908385124017076,0.9432360264488882,10.916148759829234,88.98055816976392,569763.5379229808,351663352469.5997,2025-09-11 02:05:30
39,광주광역시,1999,540784831070.3547,100340938831.37645,641125769901.7311,218247861952.18103,109123930976.09052,36374643658.69684,363746436586.9684,1004872206488.6995,0.6380172182709692,0.8117689535009041,36.19827817290307,63.87600265652146,578765.621083623,384731145003.4762,2025-09-11 02:05:30
40,대전광역시,1999,604239953429.3759,108389938861.05458,712629892290.4304,198126321488.5446,99063160744.2723,33021053581.4241,330210535814.24097,1042840428104.6714,0.6833546850361489,0.8353444362187975,31.664531496385106,74.21218965945283,583647.499347427,360736248161.9699,2025-09-11 02:05:30
41,울산광역시,1999,208582191800.98843,25507546937.207855,234089738738.1963,238117573761.0008,119058786880.5004,39686262293.50014,396862622935.00134,630952361673.1976,0.37101016329889464,0.6729252849154252,62.89898367011053,41.299103259991135,506031.27748909965,193260929390.64966,2025-09-11 02:05:30
42,세종특별자치시,1999,184790862022.46838,28987699183.046314,213778561205.5147,45356871029.76537,22678435514.882687,7559478504.9608965,75594785049.60895,289373346255.12366,0.7387638287081166,0.8641571909282207,26.123617129188332,78.29377099386105,707596.131411432,107391488475.18518,2025-09-11 02:05:30
43,경기도,1999,8949711162578.29,2355226734667.2007,11304937897245.49,1561078100415.9233,780539050207.9617,260179683402.65393,2601796834026.5386,13906734731272.03,0.8129110187040609,0.9027137297261116,18.708898129593905,87.90148181461524,807441.1277482406,4511918676773.701,2025-09-11 02:05:30
44,강원도,1999,373562256188.2407,39337140951.71394,412899397139.95465,168402194895.9351,84201097447.96754,28067032482.65585,280670324826.5585,693569721966.5132,0.5953250034751232,0.789569001807064,40.467499652487675,59.3111055664974,414186.7806988699,277313549905.7478,2025-09-11 02:05:30
45,충청북도,1999,118607537332.45178,17236341542.596455,135843878875.04823,326025309300.1157,163012654650.05786,54337551550.019295,543375515500.1929,679219394375.2411,0.2,0.584,80.0,17.72248496399579,366978.7664989226,205894103270.0517,2025-09-11 02:05:30
46,충청남도,1999,236426405841.62613,43505102986.53196,279931508828.1581,405674007968.74994,202837003984.37497,67612334661.45833,676123346614.5833,956054855442.7413,0.2927985849708635,0.6322552641848489,70.72014150291366,37.162786585284856,380703.03412146034,334512685320.29065,2025-09-11 02:05:30
47,전라북도,1999,403506091256.7278,40891105114.17309,444397196370.9009,240610905764.2982,120305452882.1491,40101817627.38303,401018176273.8303,845415372644.7312,0.5256554479021165,0.7533408329091006,47.434455209788354,49.75552708762357,422235.7936772583,270845495800.8683,2025-09-11 02:05:30
48,전라남도,1999,233976851156.24396,46436794623.60558,280413645779.84955,353672696861.6187,176836348430.80936,58945449476.936455,589454494769.3645,869868140549.2141,0.32236339360906247,0.6476289646767125,67.76366063909374,28.819161755864723,378226.7127267137,290410069364.3248,2025-09-11 02:05:30
49,경상북도,1999,242790662702.83206,42746363794.24883,285537026497.0809,657024397124.6523,328512198562.3262,109504066187.44206,1095040661874.4205,1380577688371.5015,0.20682430905709767,0.5875486407096908,79.31756909429023,20.264158639444297,447028.9780865988,600278805757.0375,2025-09-11 02:05:30
50,경상남도,1999,716412879125.6329,135904266448.22546,852317145573.8584,461786142974.06854,230893071487.03427,76964357162.34477,769643571623.4475,1621960717197.306,0.5254856893492673,0.7532525584616191,47.451431065073265,51.44386998874961,409041.3166906482,620476562448.7671,2025-09-11 02:05:30
51,제주특별자치도,1999,141449646230.58398,25358353767.779587,166807999998.3636,97226411786.85869,48613205893.429344,16204401964.47645,162044019644.76447,328852019643.12805,0.5072433496968773,0.7437665418423762,49.27566503031227,48.74913672001063,412087.3919887402,35716679823.760284,2025-09-11 02:05:30
52,서울특별시,2000,6949488089947.211,813394096542.6355,7762882186489.847,677530436470.8573,338765218235.42865,112921739411.80956,1129217394118.0955,8892099580607.941,0.8730089127003577,0.9339646346041861,12.699108729964227,90.35179798577741,825552.1065265833,2321012582616.207,2025-09-11 02:05:30
53,부산광역시,2000,1333443336706.478,65038087438.796555,1398481424145.2747,470657135398.52246,235328567699.26123,78442855899.75375,784428558997.5375,2182909983142.812,0.6406500657126648,0.8131380341705858,35.93499342873352,70.71464278547433,621403.7045755417,635738537087.5255,2025-09-11 02:05:30
54,대구광역시,2000,1020691651606.9774,70087186076.43576,1090778837683.4132,331643818228.49286,165821909114.24643,55273969704.74882,552739697047.488,1643518534730.9014,0.6636851453957043,0.8251162756057663,33.63148546042956,69.1139631963368,631328.4483843497,624772426007.7106,2025-09-11 02:05:30
55,인천광역시,2000,1360025528365.4138,210580526344.57947,1570606054709.9932,291694178128.2169,145847089064.10846,48615696354.70282,486156963547.0282,2056763018257.0215,0.7636300540064086,0.8770876280833324,23.63699459935914,86.2730631718942,605062.3855039997,920088297758.6002,2025-09-11 02:05:30
56,광주광역시,2000,491301580215.0009,96012711189.28307,587314291404.2839,156735661120.3193,78367830560.15965,26122610186.719887,261226101867.19882,848540393271.4828,0.6921465331072083,0.8399161972157484,30.785346689279162,69.73547471404943,482299.002490271,292008428185.1493,2025-09-11 02:05:30
57,대전광역시,2000,623165930364.0212,48054113173.9214,671220043537.9426,166043489315.0334,83021744657.5167,27673914885.838898,276739148858.389,947959192396.3315,0.7080685001230651,0.848195620063994,29.193149987693488,67.01795869201453,578057.993719102,373332198094.1668,2025-09-11 02:05:30
58,울산광역시,2000,341263835169.887,41148372190.73746,382412207360.6245,113957705681.33453,56978852840.66727,18992950946.88909,189929509468.8909,572341716829.5154,0.6681536503734087,0.8274398981941725,33.18463496265913,71.99104498396014,457462.17896419764,89332767227.71848,2025-09-11 02:05:30
59,세종특별자치시,2000,153148307129.61215,27847481995.027493,180995789124.63965,46710889350.74318,23355444675.37159,7785148225.123863,77851482251.23865,258847271375.8783,0.6992377712253778,0.8436036410371964,30.07622287746223,69.88836687191102,616530.3444664574,35494618942.30936,2025-09-11 02:05:30
60,경기도,2000,6855236912881.321,1156955022710.1487,8012191935591.47,1117487721944.2126,558743860972.1063,186247953657.36877,1862479536573.6875,9874671472165.156,0.8113882024507177,0.9019218652743733,18.861179754928227,81.85873199136932,616586.4840569475,1592182193399.217,2025-09-11 02:05:30
61,강원도,2000,128523695075.28839,16445498531.815725,144969193607.10413,347926064657.04987,173963032328.52493,57987677442.84165,579876774428.4165,724845968035.5206,0.2,0.584,80.0,13.970649972479155,422081.3776406039,203124226326.22525,2025-09-11 02:05:30
62,충청북도,2000,287907818611.8974,37659203131.02855,325567021742.92596,275684347135.88116,137842173567.94058,45947391189.31354,459473911893.1353,785040933636.0613,0.414713434412907,0.6956509858947116,58.5286565587093,37.524131886484795,427483.7369444769,390541036636.82263,2025-09-11 02:05:30
63,충청남도,2000,453783791168.16516,27724828773.655678,481508619941.82086,298275380672.7994,149137690336.3997,49712563445.46657,497125634454.66565,978634254396.4866,0.49202101579692015,0.7358509282143983,50.79789842030799,55.93062220799077,432693.11909229,260068919462.44965,2025-09-11 02:05:30
64,전라북도,2000,471756849477.3544,80772074327.7654,552528923805.1198,149932500712.7532,74966250356.3766,24988750118.792202,249887501187.92203,802416424993.0417,0.6885812735075943,0.838062262223949,31.14187264924057,68.4502974688098,374994.326625634,202587797803.59543,2025-09-11 02:05:30
65,전라남도,2000,290274259587.49286,45915957741.28232,336190217328.77515,337323547032.97626,168661773516.48813,56220591172.16271,562205911721.6271,898396129050.4022,0.3742115604217102,0.6745900114192893,62.57884395782898,34.40927826960846,402227.6374133423,286788902100.86505,2025-09-11 02:05:30
66,경상북도,2000,525464144145.7976,127488694006.10828,652952838151.9059,374368744670.36786,187184372335.18393,62394790778.394646,623947907783.9464,1276900745935.8523,0.5113575508747555,0.7459059264548729,48.86424491252445,51.06060299263961,389384.97329300543,214295642891.70563,2025-09-11 02:05:30
67,경상남도,2000,661405034945.8873,56057467960.59896,717462502906.4863,462184752253.5944,231092376126.7972,77030792042.26573,770307920422.6573,1487770423329.1436,0.4822400631550665,0.7307648328406346,51.77599368449335,35.89629242983359,409472.1385480504,878666093784.5133,2025-09-11 02:05:30
68,제주특별자치도,2000,69525837099.8017,5806324514.468094,75332161614.26979,142116357543.7258,71058178771.8629,23686059590.62097,236860595906.20966,312192757520.47943,0.24130015767367088,0.6054760819903089,75.86998423263292,26.094227496616988,423690.1957747515,109698973099.89008,2025-09-11 02:05:30
69,서울특별시,2001,7053925237512.868,630516487404.0823,7684441724916.95,452304588431.80994,226152294215.90497,75384098071.96832,753840980719.6831,8438282705636.633,0.9106641710147813,0.9535453689276864,8.933582898521873,85.15391800585634,799371.8035772219,3685945751997.1836,2025-09-11 02:05:31
70,부산광역시,2001,1767715107503.9514,255006182761.09677,2022721290265.048,334509669264.65717,167254834632.32858,55751611544.109535,557516115441.0952,2580237405706.1436,0.7839283648054401,0.8876427496988288,21.60716351945598,81.3403788301415,669918.2100514077,910804556839.3043,2025-09-11 02:05:31
71,대구광역시,2001,1069396416130.4297,158143848338.75168,1227540264469.1814,215519925922.65674,107759962961.32837,35919987653.77612,359199876537.7612,1586740141006.9426,0.7736240060645257,0.8822844831535535,22.63759939354743,78.90068804329795,564673.456104353,491943802697.5166,2025-09-11 02:05:31
72,인천광역시,2001,940408164345.2415,215512918249.8057,1155921082595.047,446451958897.9845,223225979448.99225,74408659816.33075,744086598163.3076,1900007680758.3547,0.6083770577883567,0.7963560700499455,39.16229422116434,55.82824054513106,522571.1059482243,501615759525.85535,2025-09-11 02:05:31
73,광주광역시,2001,618201055951.2172,78752543450.56857,696953599401.7858,77902805764.30879,38951402882.154396,12983800960.718134,129838009607.18134,826791609008.967,0.8429616263730452,0.9183400457139835,15.703837362695486,84.37929007305485,495853.9344737624,282694258479.5074,2025-09-11 02:05:31
74,대전광역시,2001,579758125572.7437,116830050864.92097,696588176437.6647,248466615233.33267,124233307616.66634,41411102538.88879,414111025388.8878,1110699201826.5525,0.6271618592073539,0.8061241667878241,37.28381407926461,58.374532363081585,604193.1184052246,606579816141.5416,2025-09-11 02:05:31
75,울산광역시,2001,466785484330.94824,65320455969.194176,532105940300.1424,157021591443.86252,78510795721.93126,26170265240.643757,261702652406.43753,793808592706.58,0.6703202071495185,0.8285665077177496,32.96797928504815,65.71394252550074,620643.4462140868,178219443991.0695,2025-09-11 02:05:31
76,세종특별자치시,2001,159316285570.28555,24781173072.94505,184097458643.2306,32218337398.508472,16109168699.254236,5369722899.751412,53697228997.51412,237794687640.74472,0.7741865912553993,0.8825770274528075,22.581340874460064,73.13277826125866,576429.6492338439,103772525088.15952,2025-09-11 02:05:31
77,경기도,2001,8938016806554.89,2264323150532.178,11202339957087.068,2070939827399.924,1035469913699.962,345156637899.98737,3451566378999.8735,14653906336086.941,0.764461004469505,0.8775197223241427,23.553899553049494,77.59669829122598,849086.4101752611,2182094860506.8052,2025-09-11 02:05:31
78,강원도,2001,251586566674.49554,41673057086.41944,293259623760.915,287633583299.93164,143816791649.96582,47938930549.98862,479389305499.8861,772648929260.801,0.37955093530185646,0.6773664863569654,62.044906469814364,39.96169695164183,433237.41084278666,288552777636.6834,2025-09-11 02:05:31
79,충청북도,2001,438733266503.0338,50830330927.89518,489563597430.929,130085096473.92519,65042548236.96259,21680849412.320866,216808494123.20865,706372091554.1377,0.6930675819224491,0.8403951425996735,30.69324180775509,62.98800050159233,387886.64397023804,192798637426.81244,2025-09-11 02:05:31
80,충청남도,2001,400532256720.087,46162958906.03782,446695215626.1248,286711901487.42676,143355950743.71338,47785316914.57113,477853169145.71124,924548384771.836,0.48314963606405753,0.7312378107533098,51.68503639359425,47.567975165963,387022.6429206689,338681870174.9791,2025-09-11 02:05:31
81,전라북도,2001,477995654626.0086,104835542516.32355,582831197142.3322,183833580318.63965,91916790159.31982,30638930053.106613,306389300531.0661,889220497673.3982,0.6554405781999868,0.8208291006639932,34.45594218000132,67.11138561126654,397207.9632779862,380467143828.68567,2025-09-11 02:05:31
82,전라남도,2001,152189672421.56516,26525425876.169403,178715098297.73456,363883665242.97046,181941832621.48523,60647277540.49509,606472775404.9508,785187873702.6853,0.2276080722629776,0.5983561975767484,77.23919277370224,25.160130186117826,345019.5854427048,255372803415.5252,2025-09-11 02:05:31
83,경상북도,2001,275782257577.5681,49596924549.27424,325379182126.84235,591651590037.2054,295825795018.6027,98608598339.53426,986085983395.3424,1311465165522.1848,0.24810356438044345,0.6090138534778305,75.18964356195565,27.918349429183746,419140.6659710534,378721789511.8133,2025-09-11 02:05:31
84,경상남도,2001,416951099007.31476,66514975305.75711,483466074313.0719,609440847396.24,304720423698.12,101573474566.04001,1015734745660.4,1499200819973.472,0.32248253060695814,0.6476909159156182,67.7517469393042,31.122342766614754,384118.1407447793,265581411416.93002,2025-09-11 02:05:31
85,제주특별자치도,2001,100422800843.81581,11764427771.544592,112187228615.3604,99870801018.73242,49935400509.36621,16645133503.12207,166451335031.2207,278638563646.5811,0.40262635274583225,0.6893657034278328,59.737364725416775,45.650923610925645,364968.3116198961,93178921812.46828,2025-09-11 02:05:31
86,서울특별시,2002,6501535763363.3545,1359827809773.543,7861363573136.897,773407443076.069,386703721538.0345,128901240512.67818,1289012405126.7817,9150375978263.68,0.8591301157254331,0.9267476601772252,14.086988427456692,81.62864173419898,777158.3941347117,2841229177582.127,2025-09-11 02:05:31
87,부산광역시,2002,1541514058466.7979,108102744444.41438,1649616802911.2122,282278010025.5629,141139005012.78146,47046335004.2605,470463350042.60486,2120080152953.817,0.7780917153593799,0.8846076919868777,22.190828464062005,88.30250134303343,585705.1216424211,370899444156.9109,2025-09-11 02:05:31
88,대구광역시,2002,1146019094200.7695,190429865253.8426,1336448959454.612,276411371164.90546,138205685582.45273,46068561860.81758,460685618608.1757,1797134578062.7878,0.7436554700846224,0.8667008444440036,25.634452991537753,79.64325498833544,626447.9172778832,838527020768.4949,2025-09-11 02:05:31
89,인천광역시,2002,1105054361245.7793,90507783268.9739,1195562144514.7532,350557411617.3618,175278705808.6809,58426235269.5603,584262352695.603,1779824497210.3562,0.6717303567787957,0.8292997855249737,32.82696432212043,60.36697706912283,553435.419672901,822896752808.6875,2025-09-11 02:05:31
90,광주광역시,2002,630103528296.833,72973094966.34087,703076623263.1738,173435489081.1805,86717744540.59026,28905914846.863422,289059148468.63416,992135771731.808,0.7086496055231722,0.8484977948720497,29.13503944768277,75.14186007336725,598258.374102981,360249596637.82697,2025-09-11 02:05:31
91,대전광역시,2002,578275651129.993,60543107017.607315,638818758147.6003,188569439102.41553,94284719551.20776,31428239850.402588,314282398504.0259,953101156651.6262,0.6702528411484227,0.8285314773971797,32.974715885157735,69.37571995510643,561153.1442675617,284687553758.72595,2025-09-11 02:05:31
92,울산광역시,2002,333092242679.5972,46305501628.34633,379397744307.94354,191368851551.57327,95684425775.78664,31894808591.928883,318948085919.2888,698345830227.2324,0.5432806038012608,0.7625059139766555,45.67193961987392,53.97284955402588,543780.6730660063,126559808849.56203,2025-09-11 02:05:31
93,세종특별자치시,2002,175986728116.18088,31161115130.259712,207147843246.44058,51236427880.052,25618213940.026,8539404646.675335,85394046466.75334,292541889713.1939,0.7080963463028386,0.8482101000774761,29.190365369716144,64.36559207570929,692782.4294864043,116083857057.92075,2025-09-11 02:05:31
94,경기도,2002,7595077668368.514,1220792041570.8677,8815869709939.38,1494916575410.3376,747458287705.1688,249152762568.38962,2491527625683.896,11307397335623.277,0.7796550743083479,0.8854206386403408,22.03449256916521,74.73744759012429,703999.105097306,4892036318552.937,2025-09-11 02:05:31
95,강원도,2002,368509044820.7106,101951759909.71376,470460804730.4243,141840801471.96194,70920400735.98097,23640133578.660324,236401335786.60327,706862140517.0276,0.6655623179737852,0.8260924053463683,33.443768202621484,72.69202681900191,360117.7965991765,11937510523.362137,2025-09-11 02:05:31
96,충청북도,2002,212268842519.02228,34334503644.65583,246603346163.6781,268184181636.82773,134092090818.41386,44697363606.13796,446973636061.3795,693576982225.0576,0.355552955884655,0.6648875370600206,64.44470441153449,32.1554944403066,364031.0053063026,180422982190.34424,2025-09-11 02:05:31
97,충청남도,2002,276153111292.0787,60749663940.9435,336902775233.02216,406512466562.72986,203256233281.36493,67752077760.45499,677520777604.5497,1014423552837.5718,0.3321125325714579,0.6526985169371582,66.78874674285422,32.943081123383585,386297.16068027425,138035057426.86105,2025-09-11 02:05:31
98,전라북도,2002,437288808115.8279,81035302293.88564,518324110409.7135,188316478571.26636,94158239285.63318,31386079761.87773,313860797618.7773,832184908028.4907,0.6228472847911442,0.803880588091395,37.715271520885594,53.051916596332696,380531.5337766055,310436045855.3164,2025-09-11 02:05:31
99,전라남도,2002,716008050488.7782,62230566461.3718,778238616950.15,37681147329.573,18840573664.7865,6280191221.5955,62801912215.954994,841040529166.105,0.925328316486456,0.9611707245729572,7.467168351354404,96.52478444707864,397324.0096420071,318079262568.21484,2025-09-11 02:05:31
100,경상북도,2002,522538180086.04443,66681301760.89486,589219481846.9393,352940481687.8146,176470240843.9073,58823413614.63577,588234136146.3577,1177453617993.2969,0.5004184222994112,0.7402175795956938,49.95815777005888,53.12522619041512,391820.8348701783,390581188322.4283,2025-09-11 02:05:31
101,경상남도,2002,590106018782.2069,86352385305.5345,676458404087.7415,392708493592.9696,196354246796.4848,65451415598.82828,654514155988.2826,1330972560076.024,0.5082436891479586,0.7442867183569386,49.17563108520414,55.79749224869576,343257.76677604124,482342738288.53406,2025-09-11 02:05:31
102,제주특별자치도,2002,185803601249.125,20952648811.08902,206756250060.21402,64791589516.81479,32395794758.407394,10798598252.802467,107985982528.02466,314742232588.23865,0.6569066005536751,0.8215914322879112,34.30933994463249,72.97179830331889,411862.70347940235,133391903107.79666,2025-09-11 02:05:31
103,서울특별시,2003,6921641067481.799,915468847332.8695,7837109914814.668,571397081866.27,285698540933.135,95232846977.71169,952328469777.1167,8789438384591.785,0.8916508167977394,0.9436584247348244,10.834918320226059,83.89176461838986,793329.1875135602,2478896809176.1875,2025-09-11 02:05:32
104,부산광역시,2003,2063211731260.533,234374219966.62744,2297585951227.16,72555345828.22618,36277672914.11309,12092557638.037697,120925576380.37695,2418511527607.537,0.95,0.974,5.0000000000000036,96.36142427956742,638953.1692790552,452485988671.26685,2025-09-11 02:05:32
105,대구광역시,2003,1268209971103.1052,276211546964.88495,1544421518067.9902,217317325506.38525,108658662753.19263,36219554251.06421,362195542510.6421,1906617060578.6323,0.8100323604569443,0.901216827437611,18.996763954305575,88.19436387345694,633344.9731514371,484635496781.1227,2025-09-11 02:05:32
106,인천광역시,2003,1236708261448.051,213941475088.3752,1450649736536.4263,283858910983.87775,141929455491.93887,47309818497.31296,473098184973.12964,1923747921509.556,0.75407475185112,0.8721188709625824,24.592524814887998,77.28537645245913,549057.2613365655,298579494758.94104,2025-09-11 02:05:32
107,광주광역시,2003,762721506783.2404,186625208985.9348,949346715769.1752,96735256269.00008,48367628134.50004,16122542711.500013,161225427115.00012,1110572142884.1753,0.8548266961781565,0.9245098820126414,14.517330382184346,85.28717212125281,597424.0324855928,403709670602.2476,2025-09-11 02:05:32
108,대전광역시,2003,603278211164.1959,113401656904.79317,716679868068.9891,207752150711.63858,103876075355.81929,34625358451.939766,346253584519.39764,1062933452588.3867,0.6742471660138052,0.8306085263271787,32.57528339861949,61.51054785304933,579121.9507756348,352140788266.15985,2025-09-11 02:05:32
109,울산광역시,2003,354906338172.5753,71795876777.58157,426702214950.15686,126649794998.08221,63324897499.04111,21108299166.34704,211082991663.47037,637785206613.6272,0.6690374918160413,0.8278994957443415,33.096250818395866,77.84365441188905,468202.1351251139,172474391694.816,2025-09-11 02:05:32
110,세종특별자치시,2003,207751779246.96667,42481878731.30529,250233657978.27197,28947984563.550625,14473992281.775312,4824664093.925105,48246640939.25104,298480298917.523,0.8383590437485366,0.9159467027492392,16.164095625146334,81.0849506070078,687399.8439638629,36730365424.46868,2025-09-11 02:05:32
111,경기도,2003,9792297838690.07,1165463000657.1943,10957760839347.266,796727361412.3259,398363680706.16296,132787893568.72101,1327878935687.2097,12285639775034.475,0.8919161753069157,0.9437964111595962,10.808382469308428,92.97387267057918,789568.0768854644,1695916248932.7883,2025-09-11 02:05:32
112,강원도,2003,292674122636.52386,34725885823.647446,327400008460.1713,186811225872.14816,93405612936.07408,31135204312.024696,311352043120.24695,638752051580.4182,0.5125619677464973,0.7465322232281787,48.74380322535028,52.23146258492248,369580.8526683713,315424235312.8836,2025-09-11 02:05:32
113,충청북도,2003,330666799494.12646,16599756308.01272,347266555802.13916,207109548997.17975,103554774498.58987,34518258166.196625,345182581661.9663,692449137464.1055,0.5015047849924436,0.7407824881960705,49.84952150075565,54.11094296847971,400090.5590425195,276851024649.81366,2025-09-11 02:05:32
114,충청남도,2003,423076940308.7733,54331833649.55432,477408773958.32764,295427702575.91846,147713851287.95923,49237950429.31975,492379504293.19745,969788278251.5251,0.4922814439653461,0.7359863508619799,50.77185560346539,52.87184751330921,397328.1815520481,240299992485.28778,2025-09-11 02:05:32
115,전라북도,2003,355983937472.7429,52699597208.55667,408683534681.29956,254285442235.20117,127142721117.60059,42380907039.200195,423809070392.00195,832492605073.3015,0.4909155134721163,0.7352760670055004,50.908448652788366,39.00745227302508,391123.5049501473,82996531659.89563,2025-09-11 02:05:32
116,전라남도,2003,319648019271.90454,50374967591.62295,370022986863.52747,310319356472.5647,155159678236.28235,51719892745.42746,517198927454.27454,887221914317.802,0.41705798841549535,0.6968701539760576,58.29420115845046,49.15345499280752,391637.9312235337,208134664817.30215,2025-09-11 02:05:32
117,경상북도,2003,559838094673.7917,55078744111.53578,614916838785.3275,437746287266.9417,218873143633.47086,72957714544.49028,729577145444.9028,1344493984230.2305,0.4573593084073105,0.7178268403718013,54.26406915926895,49.37303248950735,457082.24513392587,251942958341.64337,2025-09-11 02:05:32
118,경상남도,2003,1051798708796.9105,180334642651.81268,1232133351448.7231,238682103920.20126,119341051960.10063,39780350653.366875,397803506533.66876,1629936857982.3918,0.7559393147130328,0.8730884436507772,24.406068528696725,72.13862276359313,409349.7562622141,615171202055.6921,2025-09-11 02:05:32
119,제주특별자치도,2003,123149982649.55919,19734379663.430984,142884362312.99017,99932394021.21626,49966197010.60813,16655399003.536045,166553990035.36044,309438352348.3506,0.4617538880640688,0.7201120217933159,53.82461119359312,51.28256294425557,386466.42220904457,65415733477.47792,2025-09-11 02:05:32
120,서울특별시,2004,7073889672990.615,1568010699694.1143,8641900372684.7295,468584587344.3162,234292293672.1581,78097431224.05272,780974312240.5271,9422874684925.256,0.9171193146089556,0.9569020435966569,8.288068539104444,91.38359609229424,784455.815953802,1927705766498.0842,2025-09-11 02:05:32
121,부산광역시,2004,1541731262442.1082,293496744599.6277,1835228007041.7358,345941313283.09186,172970656641.54593,57656885547.181984,576568855471.8198,2411796862513.5557,0.7609380522740525,0.8756877871825074,23.90619477259475,70.64288084372855,593205.5613844953,903110033167.4479,2025-09-11 02:05:32
122,대구광역시,2004,1174681614417.221,195963519330.41873,1370645133747.6396,251006950702.1309,125503475351.06544,41834491783.688484,418344917836.8848,1788990051584.5244,0.7661558165366247,0.8784010245990448,23.384418346337533,78.50988856346044,617236.3250973885,374629942863.6146,2025-09-11 02:05:32
123,인천광역시,2004,1514688189726.1863,274925271579.25635,1789613461305.4426,243650698212.83167,121825349106.41583,40608449702.13861,406084497021.3861,2195697958326.8286,0.815054481659749,0.9038283304630695,18.494551834025096,81.96343906536337,619153.3851132714,839530196613.76,2025-09-11 02:05:32
124,광주광역시,2004,590689268173.974,57606604830.37132,648295873004.3453,148094221420.53564,74047110710.26782,24682370236.755943,246823702367.55942,895119575371.9048,0.7242561673785215,0.8566132070368312,27.57438326214785,76.01887270046647,543448.6652012122,440722703933.3956,2025-09-11 02:05:32
125,대전광역시,2004,561645086936.8353,46933804314.55609,608578891251.3914,205519137302.30182,102759568651.15091,34253189550.383636,342531895503.8364,951110786755.2278,0.6398612020031812,0.8127278250416542,36.01387979968189,68.86933705238886,565385.7490195493,339660580453.03705,2025-09-11 02:05:32
126,울산광역시,2004,438248099129.1662,48247318503.03905,486495417632.20526,141183258429.9031,70591629214.95155,23530543071.65052,235305430716.5052,721800848348.7104,0.6740022801929066,0.8304811857003114,32.599771980709335,57.39484847178552,571117.7267550516,85521873304.3438,2025-09-11 02:05:32
127,세종특별자치시,2004,217787545855.1569,7937411413.999894,225724957269.1568,34032764837.461563,17016382418.730782,5672127472.910261,56721274729.10261,282446231998.2594,0.799178504426102,0.8955728223015731,20.082149557389798,76.02982985066156,752282.3158070503,58337891650.3041,2025-09-11 02:05:32
128,경기도,2004,10062211721121.924,1779302515876.9836,11841514236998.908,463208372423.16724,231604186211.58362,77201395403.8612,772013954038.612,12613528191037.52,0.9387947652436245,0.9681732779266847,6.120523475637552,101.18874925557996,767094.2099164578,3960794166476.692,2025-09-11 02:05:32
129,강원도,2004,207034281662.99188,11953617440.627954,218987899103.61984,231272602511.06982,115636301255.53491,38545433751.84497,385454337518.4497,604442236622.0696,0.36229747995016953,0.6683946895740881,63.77025200498305,27.8238772738442,368082.88270568784,80725452507.74033,2025-09-11 02:05:32
130,충청북도,2004,191844890893.47913,33555228269.163918,225400119162.64304,362153250401.2863,181076625200.64316,60358875066.88106,603588750668.8105,828988869831.4536,0.2718976422547994,0.6213867739724956,72.81023577452007,15.795959911193485,426073.6984042366,311615006881.65674,2025-09-11 02:05:32
131,충청남도,2004,420470497069.24426,31155850358.202675,451626347427.44696,216772484630.91217,108386242315.45609,36128747438.48537,361287474384.85364,812913821812.3005,0.5555648523980026,0.7688937232469615,44.44351476019974,56.734815495222996,348209.90550778713,308053167178.971,2025-09-11 02:05:32
132,전라북도,2004,526947478510.63513,76535619985.85626,603483098496.4915,221880843658.23944,110940421829.11972,36980140609.70657,369801406097.0657,973284504593.5571,0.6200479876626676,0.8024249535845872,37.99520123373324,67.6445594046987,456172.8213652787,293614835243.1221,2025-09-11 02:05:32
133,전라남도,2004,161858610114.22333,22605594794.925453,184464204909.14877,442714091781.95703,221357045890.97852,73785681963.65952,737856819636.5951,922321024545.7439,0.2,0.5840000000000001,80.0,18.00865598861968,411540.0264994371,109814338799.71649,2025-09-11 02:05:32
134,경상북도,2004,226690816156.3601,24416307823.03047,251107123979.39056,602657097550.5374,301328548775.2687,100442849591.75623,1004428495917.5623,1255535619896.953,0.2,0.5840000000000001,80.0,13.187885936837578,421201.8137427724,275841271024.6394,2025-09-11 02:05:32
135,경상남도,2004,380480106619.4002,53801536954.05052,434281643573.45074,595915406343.6965,297957703171.84827,99319234390.6161,993192343906.1609,1427473987479.6116,0.3042308633169776,0.6382000489248284,69.57691366830224,29.1985992789389,366163.05450342014,297587202557.08795,2025-09-11 02:05:32
136,제주특별자치도,2004,142703587263.68497,23805554325.945354,166509141589.6303,96407182143.03413,48203591071.51707,16067863690.50569,160678636905.0569,327187778494.6872,0.5089100282281297,0.7446332146786274,49.10899717718703,54.796751626905206,404369.81480387406,98632683506.1747,2025-09-11 02:05:32
137,서울특별시,2005,6594282959934.496,921159730768.7272,7515442690703.224,508184607394.4323,254092303697.21616,84697434565.73872,846974345657.3872,8362417036360.611,0.8987165622122576,0.9473326123503739,10.12834377877424,90.90493641268282,742656.3330591432,2426332438391.896,2025-09-11 02:05:33
138,부산광역시,2005,1619585673044.4148,320422483718.4327,1940008156762.8474,229733400811.12515,114866700405.56258,38288900135.18752,382889001351.87524,2322897158114.7227,0.8351674760915243,0.9142870875675927,16.483252390847568,75.51267185469621,565045.0489272267,811433414858.8657,2025-09-11 02:05:33
139,대구광역시,2005,1251040251728.6418,264746214186.11,1515786465914.752,259195403494.07632,129597701747.03816,43199233915.67939,431992339156.7939,1947778805071.546,0.7782128350344556,0.8846706742179169,22.17871649655444,83.56126431607568,644062.9439741615,501075811569.7439,2025-09-11 02:05:33
140,인천광역시,2005,1509416537233.8875,214507992898.5188,1723924530132.4062,190275394516.6577,95137697258.32886,31712565752.77629,317125657527.7629,2041050187660.1692,0.844626232394946,0.9192056408453719,15.537376760505396,82.35729538790243,592533.8983731066,742512155351.7333,2025-09-11 02:05:33
141,광주광역시,2005,672290236303.2524,64101294556.1255,736391530859.3779,102630451616.50461,51315225808.252304,17105075269.417435,171050752694.17432,907442283553.5522,0.8115023337634896,0.9019812135570147,18.84976662365104,87.47422232410766,549370.9482012106,239166796756.2055,2025-09-11 02:05:33
142,대전광역시,2005,666452883248.865,150766046412.9486,817218929661.8136,128153377424.17874,64076688712.08937,21358896237.36313,213588962373.63126,1030807892035.4448,0.7927945992420798,0.8922531916058816,20.72054007579202,87.02747537269926,538870.2030846464,243724600998.7706,2025-09-11 02:05:33
143,울산광역시,2005,480166970810.1918,95442900883.11453,575609871693.3063,107591649067.08136,53795824533.54068,17931941511.18023,179319415111.80228,754929286805.1085,0.7624685937530794,0.8764836687516014,23.753140624692062,73.6760682537959,550483.4907623194,347833746589.2309,2025-09-11 02:05:33
144,세종특별자치시,2005,200814568067.705,37660779687.831696,238475347755.53668,33125538852.16638,16562769426.08319,5520923142.027731,55209231420.277306,293684579175.81396,0.812011813574909,0.9022461430589527,18.798818642509097,83.7549288642026,679409.2950243542,46036989538.3471,2025-09-11 02:05:33
145,경기도,2005,10364033152766.467,1871744779428.1753,12235777932194.643,386392987332.4628,193196493666.2314,64398831222.07714,643988312220.7714,12879766244415.414,0.95,0.974,5.000000000000005,89.74405895018926,777030.5257734644,6008382879566.5205,2025-09-11 02:05:33
146,강원도,2005,356458569433.2156,7908157619.037103,364366727052.2527,163965598125.82465,81982799062.91232,27327599687.637444,273275996876.37442,637642723928.6271,0.5714277186561877,0.7771424137012176,42.85722813438123,55.669919022956044,399873.99195013783,188835494925.85382,2025-09-11 02:05:33
147,충청북도,2005,401615607188.527,45825220737.84623,447440827926.3732,197117502959.66846,98558751479.83423,32852917159.944748,328529171599.44745,775969999525.8207,0.5766212974725764,0.7798430746857398,42.33787025274236,63.724362115370056,418568.53748566366,437881113232.8064,2025-09-11 02:05:33
148,충청남도,2005,698935064262.4371,57182071404.65325,756117135667.0903,227636769232.518,113818384616.259,37939461538.753006,379394615387.52997,1135511751054.6204,0.6658822640671375,0.8262587773149115,33.411773593286256,71.90196344340798,480603.29857668275,330832793302.23663,2025-09-11 02:05:33
149,전라북도,2005,406154577381.2425,62683280513.43193,468837857894.67444,223994069325.27713,111997034662.63857,37332344887.546196,373323448875.4619,842161306770.1364,0.5567079063425094,0.7694881112981049,44.32920936574906,50.39727656207734,389724.8679171323,260083899214.50482,2025-09-11 02:05:33
150,전라남도,2005,515687677092.20123,79895485721.97224,595583162814.1735,190341497540.59076,95170748770.29538,31723582923.431793,317235829234.3179,912818992048.4913,0.6524657878530802,0.8192822096836018,34.753421214691976,69.84964555112481,399983.4933044978,456039195327.7354,2025-09-11 02:05:33
151,경상북도,2005,326740766373.0696,72847933576.7653,399588699949.8349,610929738622.4087,305464869311.20435,101821623103.7348,1018216231037.3479,1417804930987.1829,0.28183616181360793,0.6265548041430762,71.81638381863921,30.323094795296566,428745.8410623547,251014518014.81735,2025-09-11 02:05:33
152,경상남도,2005,855254258859.9957,73995884533.805,929250143393.8008,392333770165.60187,196166885082.80093,65388961694.26698,653889616942.6698,1583139760336.4707,0.5869665879633418,0.7852226257409376,41.303341203665816,54.78583781515807,424555.6118278637,500713262607.454,2025-09-11 02:05:33
153,제주특별자치도,2005,58954245139.92901,10801296559.95692,69755541699.88593,167413300079.72623,83706650039.86311,27902216679.954372,279022166799.5437,348777708499.4296,0.2,0.5840000000000001,80.0,30.24094968104038,423035.628156781,147424078247.79565,2025-09-11 02:05:33
154,서울특별시,2006,7705271439573.157,1606106392413.9998,9311377831987.156,294043510483.80524,147021755241.90262,49007251747.30087,490072517473.0088,9801450349460.164,0.95,0.9740000000000001,5.000000000000006,91.43713689757696,817004.4866941279,1535276394841.3918,2025-09-11 02:05:33
155,부산광역시,2006,1520665183741.0747,238992978974.38052,1759658162715.4553,428617686162.0822,214308843081.0411,71436281027.01372,714362810270.137,2474020972985.5923,0.7112543434067738,0.8498522585715225,28.87456565932261,56.85243982888103,619981.2662914526,856522036108.8911,2025-09-11 02:05:33
156,대구광역시,2006,1095813365764.0769,231636853295.63306,1327450219059.71,268318094601.4618,134159047300.7309,44719682433.576965,447196824335.76965,1774647043395.4795,0.7480080188339108,0.8689641697936337,25.19919811660893,74.01574145951633,584120.9831051093,547753750331.6838,2025-09-11 02:05:33
157,인천광역시,2006,1370763088388.4783,138735182975.8503,1509498271364.3286,332995962258.82556,166497981129.41278,55499327043.1376,554993270431.376,2064491541795.7046,0.7311719330423412,0.8602094051820175,26.882806695765883,70.80878948974465,618626.6153966563,567887737320.3727,2025-09-11 02:05:33
158,광주광역시,2006,615542427915.6207,74575844257.52354,690118272173.1443,195394652966.87717,97697326483.43858,32565775494.47953,325657754944.7953,1015776027117.9396,0.6794000387380831,0.8332880201438032,32.05999612619169,74.49033316526425,597926.9564438277,254813124308.9106,2025-09-11 02:05:33
159,대전광역시,2006,477596925156.44495,111813960852.03647,589410886008.4814,268503033330.98572,134251516665.49286,44750505555.16429,447505055551.6429,1036915941560.1243,0.5684268727913131,0.7755819738514829,43.15731272086869,61.43003295977956,536017.9966447299,303943141247.9807,2025-09-11 02:05:33
160,울산광역시,2006,399577043838.4191,58863040004.77873,458440083843.1979,122978339284.53154,61489169642.26577,20496389880.75526,204963898807.55255,663403982650.7505,0.6910421038044084,0.8393418939782924,30.89578961955915,64.94012458936815,503022.075807746,263358268098.5242,2025-09-11 02:05:33
161,세종특별자치시,2006,177494085896.7224,20915212653.95907,198409298550.6815,61214216448.051155,30607108224.025578,10202369408.008528,102023694080.08527,300432992630.7667,0.6604111512963133,0.8234137986740829,33.95888487036867,74.23162609266248,734827.0827424125,21913582100.261486,2025-09-11 02:05:33
162,경기도,2006,10337992483812.281,1206907112323.3782,11544899596135.66,783357681581.4183,391678840790.70917,130559613596.90306,1305596135969.0305,12850495732104.691,0.8984011073824001,0.947168575838848,10.159889261759991,83.56340717464369,815672.659311809,3138432631812.2046,2025-09-11 02:05:33
163,강원도,2006,415354671947.9501,35010064009.562546,450364735957.51263,61343035796.286644,30671517898.143322,10223839299.38111,102238392993.81107,552603128951.3237,0.8149876690205697,0.9037935878906962,18.50123309794302,77.78049070222033,325132.59664717095,132318789068.50893,2025-09-11 02:05:33
164,충청북도,2006,203897376966.84055,32989984483.70823,236887361450.54877,278496476440.3071,139248238220.15356,46416079406.71786,464160794067.1785,701048155517.7273,0.33790454990300395,0.6557103659495621,66.2095450096996,34.84077737001417,360895.38303292793,168505814571.7288,2025-09-11 02:05:33
165,충청남도,2006,332509941178.5648,72701145865.111,405211087043.6758,423308291359.0876,211654145679.5438,70551381893.18126,705513818931.8126,1110724905975.4883,0.3648167830429635,0.6697047271823411,63.51832169570366,34.26862500282372,415330.8964953608,211655707174.97012,2025-09-11 02:05:33
166,전라북도,2006,370085454875.35156,64514163866.78918,434599618742.14075,306724929812.9601,153362464906.48004,51120821635.49335,511208216354.9335,945807835097.0742,0.45950097114339833,0.7189405049945671,54.04990288566016,48.759597273208456,428180.63165106263,1903801761.641807,2025-09-11 02:05:33
167,전라남도,2006,241009572268.48413,45105960805.3918,286115533073.8759,488828737482.72076,244414368741.36038,81471456247.12013,814714562471.2013,1100830095545.0771,0.25990889441681325,0.6151526250967428,74.00911055831868,31.537649648007616,467028.60066286154,326430123435.22125,2025-09-11 02:05:33
168,경상북도,2006,771545553852.3379,129472867007.51366,901018420859.8516,209888317495.92764,104944158747.96382,34981386249.32128,349813862493.21277,1250832283353.0645,0.7203351183457798,0.8545742615398054,27.966488165422014,69.92876580025074,394218.8131826331,504165759516.19745,2025-09-11 02:05:33
169,경상남도,2006,792328648022.8488,83031114511.76527,875359762534.614,339438805083.31525,169719402541.65762,56573134180.55254,565731341805.5254,1441091104340.1394,0.6074284685390742,0.7958628036403185,39.257153146092584,60.65866121621821,378251.0238302497,217386580126.62384,2025-09-11 02:05:33
170,제주특별자치도,2006,113520513974.7976,22118806223.375534,135639320198.17314,102754028187.17303,51377014093.58652,17125671364.52884,171256713645.2884,306896033843.46155,0.44197156443982816,0.7098252135087105,55.80284355601718,50.27380196181388,366850.3409127165,114803818243.84825,2025-09-11 02:05:33
171,서울특별시,2007,6732609426811.225,1347369520494.9868,8079978947306.211,576842566675.5442,288421283337.7721,96140427779.25739,961404277792.5737,9041383225098.785,0.8936662395723117,0.9447064445776021,10.633376042768827,83.84668802529177,755257.7053686165,3822976566295.063,2025-09-11 02:05:34
172,부산광역시,2007,1633402661019.5974,204571197283.2745,1837973858302.8718,281048010263.9482,140524005131.9741,46841335043.99136,468413350439.9136,2306387208742.785,0.7969060231238247,0.8943911320243889,20.309397687617526,76.44448043421437,591538.3567097072,409901494233.08435,2025-09-11 02:05:34
173,대구광역시,2007,1446011162970.2178,255437647810.62958,1701448810780.8474,115677279414.04175,57838639707.020874,19279546569.006958,192795465690.06958,1894244276470.917,0.8982203783931931,0.9470745967644604,10.177962160680687,83.17875136161597,638834.2631304953,430200257645.86523,2025-09-11 02:05:34
174,인천광역시,2007,1411326158187.7026,240078598113.86493,1651404756301.5676,352767321627.2497,176383660813.62485,58794553604.54162,587945536045.4161,2239350292346.984,0.7374481616142282,0.8634730440393986,26.255183838577178,80.23555064941655,628504.7970122376,879006552260.9016,2025-09-11 02:05:34
175,광주광역시,2007,526414235546.7516,42074262105.89839,568488497652.65,216772545546.04575,108386272773.02287,36128757591.00762,361287575910.07623,929776073562.7263,0.6114251741005869,0.7979410905323051,38.857482589941306,60.68295371551496,565492.7065412413,230611326464.01636,2025-09-11 02:05:34
176,대전광역시,2007,619623979551.4552,72309530579.42372,691933510130.8789,148465368802.36917,74232684401.18459,24744228133.728195,247442281337.28198,939375791468.1609,0.7365886117306135,0.863026078099919,26.341138826938646,75.4707367982598,534100.0990831769,191294649249.48602,2025-09-11 02:05:34
177,울산광역시,2007,492453217649.25305,63164064824.228615,555617282473.4817,90391409950.0852,45195704975.0426,15065234991.68087,150652349916.8087,706269632390.2904,0.7866928676984982,0.889080291203219,21.330713230150174,70.37769405975264,541973.1634970808,109088317477.78949,2025-09-11 02:05:34
178,세종특별자치시,2007,232288325201.81332,41488722594.32204,273777047796.13538,30049174195.127987,15024587097.563993,5008195699.187999,50081956991.879974,323859004788.0154,0.8453587633771013,0.9195865569560927,15.464123662289872,89.55391582476089,747702.7538627695,113884285097.71849,2025-09-11 02:05:34
179,경기도,2007,11437667703310.111,1015393697692.1288,12453061401002.24,393254570557.9659,196627285278.98294,65542428426.32765,655424284263.2765,13108485685265.518,0.95,0.974,5.000000000000004,95.27454808258769,849358.0397891108,5009546279085.809,2025-09-11 02:05:34
180,강원도,2007,451634444335.11743,51212503085.267784,502846947420.3852,155118496129.11905,77559248064.55952,25853082688.18651,258530826881.8651,761377774302.2502,0.6604434282064635,0.823430582667361,33.95565717935366,64.71443470772877,434181.06063679134,346496318326.07874,2025-09-11 02:05:34
181,충청북도,2007,141092421933.55615,4089403344.2847824,145181825277.84094,348436380666.81824,174218190333.40912,58072730111.13638,580727301111.3638,725909126389.2047,0.2,0.584,80.0,16.674584876489558,419917.92242129805,222285170436.38065,2025-09-11 02:05:34
182,충청남도,2007,411400187365.3814,65537465488.74608,476937652854.1275,379139530500.5775,189569765250.28876,63189921750.09625,631899217500.9624,1108836870355.0898,0.4301242731055603,0.7036646220148915,56.987572689443965,38.62442469060887,433772.42429188325,341814937182.43225,2025-09-11 02:05:34
183,전라북도,2007,251786248444.9308,58828032581.97669,310614281026.9075,387530781405.8796,193765390702.9398,64588463567.6466,645884635676.466,956498916703.3734,0.32474086023793614,0.6488652473237267,67.52591397620638,30.133574771214914,410235.52495007956,401611825633.02057,2025-09-11 02:05:34
184,전라남도,2007,343783155392.98865,45994045711.88407,389777201104.87274,307332218569.8231,153666109284.91156,51222036428.30386,512220364283.0386,901997565387.9114,0.4321266664807969,0.7047058665700143,56.78733335192031,40.05766205274531,398777.4812857821,262730176902.9226,2025-09-11 02:05:34
185,경상북도,2007,736992584669.9302,49799657307.61022,786792241977.5404,195133341680.54037,97566670840.27019,32522223613.423397,325222236134.23395,1112014478111.7744,0.7075377681354755,0.8479196394304471,29.246223186452447,64.08635398306666,381549.46051382873,134015272533.23334,2025-09-11 02:05:34
186,경상남도,2007,297606110174.85046,40093966221.986244,337700076396.83673,746593117509.4849,373296558754.74243,124432186251.58081,1244321862515.808,1582021938912.6448,0.21346105770754653,0.5909997500079242,78.65389422924535,24.341554942171626,402364.7695184951,727125156618.0643,2025-09-11 02:05:34
187,제주특별자치도,2007,133015968851.20267,24307691894.669155,157323660745.87183,94841609504.356,47420804752.178,15806934917.392668,158069349173.92667,315393009919.79846,0.49881784249396577,0.7393852780968623,50.118215750603426,46.74220451806103,379051.04711501487,67674541829.89935,2025-09-11 02:05:34
188,서울특별시,2008,8154019180051.221,1907700487688.9714,10061719667740.191,317738515823.37476,158869257911.68738,52956419303.8958,529564193038.95795,10591283860779.148,0.95,0.974,5.000000000000005,92.76819160516118,856390.9288365621,3954017342987.6084,2025-09-11 02:05:35
189,부산광역시,2008,1550030956350.7668,281225051489.07544,1831256007839.8423,310088899021.5574,155044449510.7787,51681483170.25957,516814831702.59564,2348070839542.438,0.7798981091203765,0.8855470167425957,22.010189087962353,79.83125642447168,570868.533057042,983662460602.8735,2025-09-11 02:05:35
190,대구광역시,2008,1004331347372.9734,223690372632.44833,1228021720005.4216,294894123021.8444,147447061510.9222,49149020503.64075,491490205036.40735,1719511925041.829,0.7141687720342786,0.8513677614578249,28.58312279657213,79.83960152527227,555408.4216443743,626969665981.0265,2025-09-11 02:05:35
191,인천광역시,2008,1975741790687.3994,414477693446.6726,2390219484134.0723,80370262669.43797,40185131334.71899,13395043778.239664,133950437782.39662,2524169921916.4688,0.9469328761826402,0.9724050956149729,5.306712381735979,90.09330108158338,681962.5620016921,903674927411.2332,2025-09-11 02:05:35
192,광주광역시,2008,490777982200.23456,84922390607.16823,575700372807.4028,203134528504.08804,101567264252.04402,33855754750.681343,338557547506.8134,914257920314.2163,0.6296914251610132,0.8074395410837268,37.030857483898686,66.2723967565493,509491.3669444443,290490852728.4279,2025-09-11 02:05:35
193,대전광역시,2008,479886671602.8895,84953676775.28758,564840348378.1771,276158041474.4683,138079020737.23416,46026340245.74473,460263402457.44727,1025103750835.6244,0.5510079813070057,0.7665241502796429,44.89920186929943,50.21755319155897,550347.6035041006,285886728499.9594,2025-09-11 02:05:35
194,울산광역시,2008,280629372680.56616,32934445619.183285,313563818299.74945,230490408240.4465,115245204120.22325,38415068040.074425,384150680400.74414,697714498700.4937,0.44941565480403217,0.7136961404980968,55.058434519596766,45.354128141505115,538071.2457914065,91720558536.8111,2025-09-11 02:05:35
195,세종특별자치시,2008,249980825240.94458,49996609608.41275,299977434849.3573,27025603494.83583,13512801747.417915,4504267249.139305,45042672491.39305,345020107340.75037,0.8694491377950103,0.9321135516534053,13.055086220498968,85.55616379252292,778649.5058186348,90393291855.49928,2025-09-11 02:05:35
196,경기도,2008,9966528561968.29,1987225493681.3354,11953754055649.625,997191644679.5365,498595822339.76825,166198607446.58945,1661986074465.894,13615740130115.52,0.8779364134021708,0.9365269349691288,12.20635865978292,89.99609552634469,797066.6262910629,5824278207797.557,2025-09-11 02:05:35
197,강원도,2008,283504486333.84155,52006268171.21442,335510754505.05597,262927844757.15134,131463922378.57567,43821307459.52523,438213074595.2522,773723829100.3081,0.43363115091749255,0.7054881984770962,56.63688490825075,47.41615311345505,413138.571844575,161327447790.2513,2025-09-11 02:05:35
198,충청북도,2008,337204912330.2354,57563579819.53563,394768492149.77106,251074536998.67712,125537268499.33856,41845756166.4462,418457561664.4619,813226053814.2329,0.4854351263073882,0.7324262656798419,51.45648736926118,47.32867644198975,411519.3410975022,289861631107.5682,2025-09-11 02:05:35
199,충청남도,2008,635407301603.246,106091275796.73863,741498577399.9846,152406437405.26495,76203218702.63248,25401072900.877495,254010729008.77493,995509306408.7595,0.7448434410672629,0.8673185893549766,25.515655893273713,69.07980141797995,385048.5115461637,453635909042.68384,2025-09-11 02:05:35
200,전라북도,2008,766398893354.8191,132806309303.12817,899205202657.9473,28395953768.14573,14197976884.072865,4732658961.357622,47326589613.57622,946531792271.5234,0.95,0.9740000000000001,5.000000000000005,89.9057740069025,424821.3150161133,410694724214.1931,2025-09-11 02:05:35
201,전라남도,2008,384663581617.5858,49882308366.35888,434545889983.9447,246640923196.6518,123320461598.3259,41106820532.7753,411068205327.7529,845614095311.6976,0.513882032469869,0.7472186568843319,48.611796753013095,55.73240447617417,373432.2264306987,182260104945.06467,2025-09-11 02:05:35
202,경상북도,2008,915448058537.2769,124617236159.54784,1040065294696.8247,118666310047.74646,59333155023.87323,19777718341.291077,197777183412.91077,1237842478109.7354,0.8402242717385744,0.9169166213040588,15.977572826142561,87.5018516785091,397203.14399782027,524941202980.20807,2025-09-11 02:05:35
203,경상남도,2008,439704658235.7056,111392510019.91241,551097168255.618,864958712673.8921,432479356336.94604,144159785445.64868,1441597854456.4868,1992695022712.105,0.2765587116816109,0.6238105300744378,72.3441288318389,23.351406106103994,456675.0906217457,705785538261.7886,2025-09-11 02:05:35
204,제주특별자치도,2008,178402185212.08545,23787310720.98744,202189495933.07288,66721285238.48531,33360642619.242657,11120214206.41422,111202142064.14218,313391637997.2151,0.6451655737377064,0.8154860983436074,35.48344262622935,58.59284469601028,391202.5906076401,73664474674.73889,2025-09-11 02:05:35
205,서울특별시,2009,6948666942211.379,1499159131908.807,8447826074120.186,266773454972.2166,133386727486.1083,44462242495.369446,444622424953.6944,8892448499073.88,0.95,0.9739999999999999,5.0000000000000036,93.56321265109563,726354.1464706402,3020938648554.988,2025-09-11 02:05:35
206,부산광역시,2009,1773132324063.202,239665131185.2307,2012797455248.4326,246626560834.4227,123313280417.21135,41104426805.737114,411044268057.37115,2423841723305.8037,0.8304162090679913,0.9118164287153555,16.958379093200872,78.52022382886058,610415.4596467125,630834533213.5725,2025-09-11 02:05:35
207,대구광역시,2009,1194442660590.543,277844060521.6018,1472286721112.1448,291655185733.4817,145827592866.74084,48609197622.24695,486091976222.4695,1958378697334.6143,0.751788570369945,0.8709300565923714,24.821142963005506,81.84248463330883,624528.8142847487,756689920356.9902,2025-09-11 02:05:35
208,인천광역시,2009,1514613780738.6516,283968128570.1319,1798581909308.7834,392754948402.85034,196377474201.42517,65459158067.14172,654591580671.4172,2453173489980.2007,0.7331653943982982,0.861246005087115,26.68346056017018,69.43762739049582,672041.485027852,549927520916.1223,2025-09-11 02:05:35
209,광주광역시,2009,549230436441.941,111976804299.76462,661207240741.7056,164287784537.4696,82143892268.7348,27381297422.911602,273812974229.116,935020214970.8215,0.7071582305440737,0.8477222798829184,29.284176945592634,71.86503805482376,505317.2551007619,272598526358.65033,2025-09-11 02:05:35
210,대전광역시,2009,679945713474.5276,61233992649.46078,741179706123.9884,153380178941.74283,76690089470.87141,25563363156.957138,255633631569.5714,996813337693.5598,0.7435491461610456,0.8666455560037437,25.645085383895438,83.46605524061319,575131.8735471586,487457625077.26904,2025-09-11 02:05:35
211,울산광역시,2009,356962605225.65857,52823088417.35517,409785693643.01373,151651799731.46423,75825899865.73212,25275299955.24404,252752999552.4404,662538693195.4541,0.6185083193656189,0.8016243260701218,38.14916806343812,58.68364517674221,494969.714299642,267367096848.33218,2025-09-11 02:05:35
212,세종특별자치시,2009,203583150118.9053,30424546603.116142,234007696722.02145,34634656143.54261,17317328071.771305,5772442690.590436,57724426905.90436,291732123627.9258,0.8021320854623267,0.8971086844404099,19.78679145376733,80.23992668506243,684103.8458261793,97448531010.24165,2025-09-11 02:05:35
213,경기도,2009,10515422733300.656,2319088135944.1763,12834510869244.832,1253452712808.9624,626726356404.4812,208908785468.1604,2089087854681.604,14923598723926.436,0.8600144714872124,0.9272075251733505,13.998552851278756,85.58257952329996,854439.5519471286,4097218230101.2363,2025-09-11 02:05:35
214,강원도,2009,479424550042.5557,64962286985.13366,544386837027.6894,121300265677.66603,60650132838.833015,20216710946.277676,202167109462.77673,746553946490.4661,0.7291995971447744,0.8591837905152828,27.08004028552256,65.90911451572464,413501.1530741928,328190567648.32556,2025-09-11 02:05:35
215,충청북도,2009,340752948954.1518,18639060360.021362,359392009314.17316,195569342325.91357,97784671162.95679,32594890387.652267,325948903876.52264,685340913190.6958,0.52439888294568,0.7526874191317536,47.56011170543199,56.30917419300458,383135.1675195849,349709143603.28467,2025-09-11 02:05:35
216,충청남도,2009,335619477895.1836,75828749416.44167,411448227311.62524,401136208391.01636,200568104195.50818,66856034731.83606,668560347318.3606,1080008574629.9858,0.3809675561627727,0.6781031292046419,61.903244383722736,32.88815551725966,395761.9210498059,266676625741.2803,2025-09-11 02:05:35
217,전라북도,2009,465402321437.6198,84377247755.80574,549779569193.4255,227963687794.69766,113981843897.34883,37993947965.78295,379939479657.82947,929719048851.255,0.5913394695663424,0.7874965241744981,40.86605304336576,55.32244136673129,412489.88892121863,476719789495.16595,2025-09-11 02:05:35
218,전라남도,2009,405104747830.4131,94711900045.34782,499816647875.7609,348677149966.23157,174338574983.11578,58112858327.70526,581128583277.0526,1080945231152.8135,0.46238850357174266,0.7204420218573062,53.761149642825735,50.68800051393443,435011.6013219529,283999275594.73584,2025-09-11 02:05:35
219,경상북도,2009,544549396622.85297,87842684188.23463,632392080811.0876,350059749027.4012,175029874513.7006,58343291504.56687,583432915045.6687,1215824995856.7563,0.5201341335851213,0.750469749464263,47.986586641487875,51.030258394550266,379876.7491656173,418499396636.7737,2025-09-11 02:05:35
220,경상남도,2009,705783417170.6106,78545140998.35832,784328558168.9689,430955587331.69824,215477793665.84912,71825931221.9497,718259312219.4971,1502587870388.4658,0.5219851521669714,0.7514322791268253,47.80148478330287,50.56018417389615,386539.1570952944,331944863555.12634,2025-09-11 02:05:35
221,제주특별자치도,2009,107358222787.86995,13294183058.063772,120652405845.93372,111124099060.38371,55562049530.19186,18520683176.730618,185206831767.30618,305859237613.23987,0.39447036743908687,0.6851245910683252,60.55296325609132,38.698394040779355,383213.0242078838,101812158153.37706,2025-09-11 02:05:35
222,서울특별시,2010,7719027288499.011,724847791215.3136,8443875079714.324,266648686727.821,133324343363.9105,44441447787.97018,444414477879.70166,8888289557594.025,0.95,0.9740000000000001,5.000000000000004,102.05970595653679,803092.8473071943,3379105992345.4785,2025-09-11 02:05:36
223,부산광역시,2010,1476133120261.8167,183843637111.52716,1659976757373.3438,366740519971.2861,183370259985.64304,61123419995.21435,611234199952.1434,2271210957325.4873,0.7308773991334053,0.8600562475493707,26.91226008665946,71.31209025938537,574668.5692334719,878782401418.0299,2025-09-11 02:05:36
224,대구광역시,2010,1194392242564.7375,193076496922.7713,1387468739487.5088,254705830539.37613,127352915269.68806,42450971756.56269,424509717565.6269,1811978457053.1357,0.7657203285650441,0.878174570853823,23.427967143495586,75.78090556439639,610261.4653613938,517538688360.6149,2025-09-11 02:05:36
225,인천광역시,2010,1708853285020.2908,300927164058.2758,2009780449078.5667,103386362521.45589,51693181260.72794,17231060420.24265,172310604202.42648,2182091053280.9932,0.9210341823530507,0.9589377748235863,7.896581764694933,86.76227837628932,600732.90845399,741377937627.4335,2025-09-11 02:05:36
226,광주광역시,2010,698229710889.6519,140618103663.83444,838847814553.4863,81204276341.53293,40602138170.766464,13534046056.922157,135340460569.22156,974188275122.7079,0.8610736096652629,0.9277582770259367,13.892639033473708,90.48216274312061,525098.0865731168,118783303174.09706,2025-09-11 02:05:36
227,대전광역시,2010,645862345878.0482,168184614796.63602,814046960674.6842,127186668361.18372,63593334180.59186,21197778060.19729,211977780601.97287,1026024741276.6571,0.7933989580619526,0.8925674581922154,20.66010419380474,85.24067220132004,509574.2489484751,339384840576.99945,2025-09-11 02:05:36
228,울산광역시,2010,444524858407.40125,68014969664.601746,512539828072.003,148916340691.3926,74458170345.6963,24819390115.232105,248193901152.32104,760733729224.324,0.6737440557481394,0.8303469089890325,32.62559442518606,73.27233837288512,563195.0289044282,300553586594.1012,2025-09-11 02:05:36
229,세종특별자치시,2010,176116998494.13934,36874435483.50175,212991433977.64108,57348461518.0209,28674230759.01045,9558076919.670149,95580769196.70149,308572203174.3426,0.6902482847986843,0.8389291080953157,30.97517152013157,77.32190094896694,684507.6199196847,93328869350.26186,2025-09-11 02:05:36
230,경기도,2010,12067687370405.424,2489654479915.2285,14557341850320.652,459705532115.38947,229852766057.69473,76617588685.89824,766175886858.9824,15323517737179.635,0.95,0.9740000000000001,5.000000000000004,89.43445268521954,883521.3918242448,5925640897133.726,2025-09-11 02:05:36
231,강원도,2010,349752672833.0072,34240708840.22126,383993381673.22845,174470309157.78665,87235154578.89333,29078384859.63111,290783848596.3111,674777230269.5396,0.5690668926689219,0.7759147841878393,43.093310733107806,53.04499698217667,384730.7112768114,103865476692.13171,2025-09-11 02:05:36
232,충청북도,2010,303919184398.90717,64797926002.67231,368717110401.57947,235220541955.4106,117610270977.7053,39203423659.2351,392034236592.351,760751346993.9304,0.48467493598078537,0.7320309667100084,51.532506401921474,47.42228674653,367991.64890108723,278292531211.56287,2025-09-11 02:05:36
233,충청남도,2010,465433501710.6114,61416157120.53325,526849658831.14465,306354132361.695,153177066180.8475,51059022060.28251,510590220602.825,1037439879433.9697,0.5078363279408493,0.7440748905292417,49.21636720591506,38.81719228688581,409793.41282917775,139832329376.84348,2025-09-11 02:05:36
234,전라북도,2010,326688722509.9042,20057276427.04136,346745998936.94556,301623199907.8359,150811599953.91794,50270533317.97265,502705333179.72644,849451332116.672,0.40819995899343653,0.692263978676587,59.18000410065635,40.7821912259237,417483.2666488388,264375550899.91583,2025-09-11 02:05:36
235,전라남도,2010,534111239620.7595,33288369563.778923,567399609184.5385,228472206113.86734,114236103056.93367,38078701018.9779,380787010189.77893,948186619374.3174,0.5984049949565309,0.791170597377396,40.15950050434691,53.19020795008032,441096.1818054053,182630295937.80136,2025-09-11 02:05:36
236,경상북도,2010,734969581879.4487,180992093576.50824,915961675455.957,308748999721.14624,154374499860.57312,51458166620.19105,514581666201.9104,1430543341657.8674,0.6402893563465488,0.8129504653002054,35.971064365345114,67.47896430072383,414543.5164553024,137397318175.87524,2025-09-11 02:05:36
237,경상남도,2010,390321658328.86914,34517051078.4814,424838709407.3505,600594238347.2753,300297119173.63763,100099039724.54588,1000990397245.4587,1425829106652.8093,0.2979590663601169,0.6349387145072608,70.2040933639883,25.926689008243912,372736.9934803885,527328890340.3757,2025-09-11 02:05:36
238,제주특별자치도,2010,183412225009.66302,27972931809.73237,211385156819.3954,83399034920.3785,41699517460.18925,13899839153.396418,138998391533.96417,350383548353.35956,0.6032964670082478,0.7937141628442889,39.67035329917522,60.658584465018656,426062.2798147366,95216196618.05322,2025-09-11 02:05:36
239,서울특별시,2011,6426589005963.587,1081109495622.1943,7507698501585.781,237085215839.5512,118542607919.7756,39514202639.9252,395142026399.25195,7902840527985.033,0.95,0.974,5.0000000000000036,94.89475868691422,665502.2658724299,2497606465687.307,2025-09-11 02:05:36
240,부산광역시,2011,1632202190817.122,268568076990.9327,1900770267808.0547,329019386674.1355,164509693337.06775,54836564445.689255,548365644456.8925,2449135912264.9473,0.7760983203460656,0.8835711265799541,22.390167965393438,80.73247199516143,595606.5914666774,953993705981.0396,2025-09-11 02:05:36
241,대구광역시,2011,956592847716.7958,161938858028.1394,1118531705744.935,298833622564.8341,149416811282.41705,49805603760.80569,498056037608.0568,1616587743352.992,0.6919090598973425,0.839792711146618,30.809094010265746,78.09144463777884,538372.77844035,611983673263.5945,2025-09-11 02:05:36
242,인천광역시,2011,1345702506187.5525,206751415024.35266,1552453921211.9053,381890574730.4323,190945287365.21616,63648429121.73872,636484291217.3872,2188938212429.2925,0.7092269267340285,0.8487980019016949,29.077307326597147,71.47242392603971,611479.7366103405,682787981506.5879,2025-09-11 02:05:36
243,광주광역시,2011,586573500639.9432,92798502136.53516,679372002776.4784,142768045787.44373,71384022893.72186,23794674297.90729,237946742979.07288,917318745755.5513,0.740606257007113,0.8651152536436988,25.939374299288698,79.50607149729375,510485.3491094737,266763105857.46487,2025-09-11 02:05:36
244,대전광역시,2011,694370427821.7296,110824507295.41605,805194935117.1456,126810685727.41974,63405342863.70987,21135114287.90329,211351142879.0329,1016546077996.1785,0.7920889692519896,0.8918862640110347,20.791103074801047,79.5204306064314,546188.075884008,286904146533.9987,2025-09-11 02:05:36
245,울산광역시,2011,637196533810.5774,184915012199.03485,822111546009.6123,25961417242.408836,12980708621.204418,4326902873.734806,43269028737.34805,865380574746.9603,0.95,0.9740000000000001,5.000000000000004,96.15526537161858,569866.7744136095,133612865636.51785,2025-09-11 02:05:36
246,세종특별자치시,2011,227230145385.179,29684316753.117977,256914462138.29697,24412583927.249546,12206291963.624773,4068763987.8749247,40687639878.749245,297602102017.0462,0.8632817456497041,0.9289065077378462,13.671825435029595,82.5715783504272,702848.2479808399,94589723470.93085,2025-09-11 02:05:36
247,경기도,2011,10564583334037.781,1156431841966.2004,11721015176003.982,370137321347.49457,185068660673.74728,61689553557.915764,616895535579.1576,12337910711583.14,0.95,0.974,5.000000000000004,99.43890392352345,769859.0540553301,4290147746752.7314,2025-09-11 02:05:36
248,강원도,2011,222553221055.5282,19615081134.2233,242168302189.7515,239758692298.9528,119879346149.4764,39959782049.82546,399597820498.25464,641766122688.0061,0.377346658897234,0.6762202626265617,62.265334110276605,41.874908368476746,367466.99554855295,268624099587.31705,2025-09-11 02:05:36
249,충청북도,2011,670653468509.0139,89719827782.00838,760373296291.0223,81943085528.9515,40971542764.47575,13657180921.491919,136571809214.91917,896945105505.9415,0.8477367139008102,0.9208230912284213,15.226328609918982,87.27568205497066,462097.29112688085,220805859239.21555,2025-09-11 02:05:36
250,충청남도,2011,479659191764.4265,72599314424.32782,552258506188.7544,297856671929.2236,148928335964.6118,49642778654.870605,496427786548.70593,1048686292737.4603,0.5266193617799225,0.7538420681255598,47.33806382200774,63.04682082445031,405352.5192558389,431163265754.7816,2025-09-11 02:05:36
251,전라북도,2011,389872085562.7836,30298814264.39118,420170899827.1748,253499454357.6181,126749727178.80905,42249909059.60303,422499090596.03015,842669990423.205,0.4986185631413751,0.7392816528335151,50.13814368586249,44.35162933625613,405973.2473766449,286285439857.1905,2025-09-11 02:05:36
252,전라남도,2011,647395763658.9823,85406237644.73672,732802001303.719,64541450666.38898,32270725333.19449,10756908444.398163,107569084443.98163,840371085747.7007,0.8719981133712204,0.9334390189530345,12.800188662877963,82.85736372558418,365188.36240162444,370965008527.7635,2025-09-11 02:05:36
253,경상북도,2011,954532105038.3446,102798483814.60873,1057330588852.9534,166603601144.8806,83301800572.4403,27767266857.480103,277672668574.801,1335003257427.7544,0.792005999213955,0.8918431195912566,20.799400078604503,85.21637835304038,433216.45405195083,297558226338.6902,2025-09-11 02:05:36
254,경상남도,2011,595835219455.9065,119736183008.8749,715571402464.7814,598135897159.2574,299067948579.6287,99689316193.20958,996893161932.0958,1712464564396.8772,0.41786056035372776,0.6972874913839385,58.21394396462723,32.24452347641098,403828.5974708479,761731600646.6772,2025-09-11 02:05:36
255,제주특별자치도,2011,160581722598.7851,18084046146.666245,178665768745.45135,61837959696.921936,30918979848.460968,10306326616.153656,103063266161.53656,281729034906.9879,0.6341759158917979,0.8097714762637348,36.58240841082021,70.86284069554796,353205.76802205393,76492135012.00919,2025-09-11 02:05:36
256,서울특별시,2012,8397224146652.85,1908578144536.697,10305802291189.547,325446388142.8281,162723194071.41406,54241064690.47136,542410646904.71356,10848212938094.26,0.95,0.974,5.000000000000005,96.33263672784747,865525.9057298565,2236976717198.908,2025-09-11 02:05:37
257,부산광역시,2012,1667816541539.303,219200706652.84518,1887017248192.1482,240333756673.6805,120166878336.84026,40055626112.28008,400556261122.80084,2287573509314.949,0.824899064667542,0.9089475136271218,17.510093533245797,80.44913520627242,569934.6503349104,441327536033.96814,2025-09-11 02:05:37
258,대구광역시,2012,1185065083789.7148,153680706711.17783,1338745790500.8926,218645347730.52426,109322673865.26213,36440891288.42071,364408912884.2071,1703154703385.0996,0.7860388653127474,0.8887402099626287,21.39611346872526,82.55178405202803,584357.3035968423,569998116765.3193,2025-09-11 02:05:37
259,인천광역시,2012,1483929320147.422,314638460493.6462,1798567780641.0684,325366460536.24603,162683230268.12302,54227743422.70767,542277434227.07666,2340845214868.145,0.7683411825853586,0.8795374149443865,23.16588174146414,75.43919875495958,619516.1637986406,449774590843.9576,2025-09-11 02:05:37
260,광주광역시,2012,825017755943.3784,69600533034.97635,894618288978.3547,87108882831.93457,43554441415.967285,14518147138.655762,145181471386.55762,1039799760364.9124,0.8603755483309528,0.9273952851320953,13.962445166904725,90.2538062296542,615175.1299370286,589607614316.6564,2025-09-11 02:05:37
261,대전광역시,2012,747558775509.1063,120088243903.36244,867647019412.4688,146201410621.58615,73100705310.79308,24366901770.264362,243669017702.6436,1111316037115.1123,0.780738323244944,0.8859839280873709,21.9261676755056,69.22691860038415,593799.9040115627,403851828976.3094,2025-09-11 02:05:37
262,울산광역시,2012,330052431700.6353,13311897431.249014,343364329131.88434,157846860246.48642,78923430123.24321,26307810041.081074,263078100410.8107,606442429542.6951,0.5661944356215443,0.774421106523203,43.38055643784557,52.26923942834297,492965.11866990535,63376075631.01917,2025-09-11 02:05:37
263,세종특별자치시,2012,234522135492.42877,17723595815.135952,252245731307.56473,29033954969.800602,14516977484.900301,4838992494.966767,48389924949.66767,300635656257.2324,0.8390412981876512,0.9163014750575785,16.09587018123488,83.59676163298778,742889.1130548966,91329917941.16522,2025-09-11 02:05:37
264,경기도,2012,11026643529665.525,2431209761328.728,13457853290994.254,424984840768.24,212492420384.12,70830806794.70667,708308067947.0667,14166161358941.32,0.95,0.974,5.000000000000004,102.99059455108369,799792.812342574,4195171846317.2314,2025-09-11 02:05:37
265,강원도,2012,440456424993.2019,73501002674.25844,513957427667.4603,156815789321.8301,78407894660.91505,26135964886.971687,261359648869.71686,775317076537.1772,0.6628996615977613,0.8247078240308359,33.71003384022387,68.0690309001675,412055.22817019955,189197699940.61786,2025-09-11 02:05:37
266,충청북도,2012,134165048748.05286,11912860462.58786,146077909210.64072,350586982105.5377,175293491052.76886,58431163684.25629,584311636842.5629,730389546053.2036,0.2,0.584,80.0,25.78403942061626,390014.6765931769,361813220584.85236,2025-09-11 02:05:37
267,충청남도,2012,585924992800.7838,101170696335.88284,687095689136.6666,206193277801.00507,103096638900.50253,34365546300.16751,343655463001.67505,1030751152138.3417,0.6665970614840006,0.8266304719716804,33.34029385159994,70.62396854506241,389359.584261022,320194751387.12665,2025-09-11 02:05:37
268,전라북도,2012,211155883122.32788,30341338438.13185,241497221560.45972,405309763305.97705,202654881652.98853,67551627217.66284,675516272176.6284,917013493737.0881,0.2633518734563987,0.6169429741973275,73.66481265436012,21.795227112980147,414367.613829741,264494726597.15775,2025-09-11 02:05:37
269,전라남도,2012,511243603988.7316,64516583906.25304,575760187894.9846,180287202731.6196,90143601365.8098,30047867121.936604,300478671219.36597,876238859114.3506,0.6570813219547559,0.8216822874164731,34.29186780452441,62.02278152292668,380931.3363912499,65151787542.198814,2025-09-11 02:05:37
270,경상북도,2012,228540078324.1713,47141687926.76654,275681766250.93787,661636239002.2509,330818119501.1254,110272706500.37515,1102727065003.7515,1378408831254.6895,0.2,0.584,80.0,16.79124360066495,408837.34941712214,447884677996.1341,2025-09-11 02:05:37
271,경상남도,2012,301011244974.63983,42261355444.938225,343272600419.57806,793116722882.3257,396558361441.16284,132186120480.38763,1321861204803.8762,1665133805223.4543,0.2061531627925314,0.5871996446521164,79.38468372074685,20.709656978408184,411595.21168561076,332340779674.5398,2025-09-11 02:05:37
272,제주특별자치도,2012,98877971045.63591,14349621119.493307,113227592165.12921,150680764843.75494,75340382421.87747,25113460807.292496,251134608072.92493,364362200238.05414,0.31075559454617563,0.6415929091640113,68.92444054538244,29.54943143760599,441771.1220491495,90937965940.597,2025-09-11 02:05:37
273,서울특별시,2013,7560767032932.56,1248214819879.227,8808981852811.787,278178374299.3198,139089187149.6599,46363062383.21998,463630623832.1997,9272612476643.986,0.95,0.974,5.000000000000004,98.92876847870622,775701.9629560439,2285855689571.005,2025-09-11 02:05:37
274,부산광역시,2013,1678579651023.556,116531821604.41019,1795111472627.966,254273496610.73578,127136748305.36789,42378916101.78931,423789161017.89294,2218900633645.859,0.8090094010557074,0.9006848885489679,19.09905989442926,87.73092362633196,582171.16403967,755379263687.5911,2025-09-11 02:05:37
275,대구광역시,2013,1339802004135.7146,260217786354.0519,1600019790489.7666,245745200327.2297,122872600163.61485,40957533387.87162,409575333878.7162,2009595124368.483,0.796190123616355,0.8940188642805045,20.380987638364502,77.22564175614421,649215.4399012912,501526862882.3737,2025-09-11 02:05:37
276,인천광역시,2013,1708119368046.0273,154684605584.729,1862803973630.7563,58825388640.971306,29412694320.485653,9804231440.161886,98042314401.61884,1960846288032.3752,0.95,0.974,5.0000000000000036,94.48281073670199,574080.5834664339,648106799054.1233,2025-09-11 02:05:37
277,광주광역시,2013,498920716955.62854,81730582620.94162,580651299576.5702,240551492333.70288,120275746166.85144,40091915388.950485,400919153889.5048,981570453466.075,0.5915533597473334,0.7876077470686134,40.84466402526667,56.78818106194989,538574.5840969624,363331597362.884,2025-09-11 02:05:37
278,대전광역시,2013,545976799851.62195,90153183079.69682,636129982931.3187,215020643336.73416,107510321668.36708,35836773889.455696,358367738894.55695,994497721825.8757,0.6396495124829429,0.8126177464911303,36.03504875170571,57.72413365454185,526886.5361118813,226636860574.6438,2025-09-11 02:05:37
279,울산광역시,2013,596180546851.7578,51733777997.23588,647914324848.9937,51244148808.586174,25622074404.293087,8540691468.097696,85406914680.97696,733321239529.9706,0.8835341047318916,0.9394377344605837,11.646589526810837,82.9274069196072,567986.5377695027,170940409332.02524,2025-09-11 02:05:37
280,세종특별자치시,2013,228664432539.25922,30369958655.523148,259034391194.78235,29774055687.977577,14887027843.988789,4962342614.66293,49623426146.6293,308657817341.4116,0.8392283514020318,0.9163987427290566,16.077164859796824,86.32951758747451,720819.7389951844,51570409508.113304,2025-09-11 02:05:37
281,경기도,2013,11427138441466.404,1146861881111.3364,12574000322577.74,481848714006.2754,240924357003.1377,80308119001.0459,803081190010.459,13377081512588.2,0.9399658894763602,0.9687822625277073,6.003411052363983,94.42980671024397,833811.4819285348,4864079027255.722,2025-09-11 02:05:37
282,강원도,2013,558938666243.2863,55815176757.103836,614753843000.3901,46340336498.83228,23170168249.41614,7723389416.472048,77233894164.72047,691987737165.1106,0.8883883484971465,0.9419619412185162,11.161165150285344,89.39596325250656,388370.5460962824,251924799385.3426,2025-09-11 02:05:37
283,충청북도,2013,296223968403.29376,39948574263.432945,336172542666.7267,303016101801.618,151508050900.809,50502683633.603004,505026836336.03,841199379002.7567,0.39963479652738193,0.6878100941942386,60.03652034726181,39.57824318444678,428956.4100283478,257420847001.3349,2025-09-11 02:05:37
284,충청남도,2013,457012005085.5648,63069207874.449684,520081212960.0145,307755934659.6437,153877967329.82184,51292655776.607285,512926557766.0728,1033007770726.0874,0.5034630209939819,0.7418007709168706,49.65369790060181,52.2304304560198,400236.7661790935,279865714814.7574,2025-09-11 02:05:37
285,전라북도,2013,418399935507.5791,74764978259.54337,493164913767.12244,214844668808.4186,107422334404.2093,35807444801.4031,358074448014.031,851239361781.1534,0.5793492828329889,0.7812616270731542,42.065071716701105,61.97123951313778,371496.6267343945,57138508709.81979,2025-09-11 02:05:37
286,전라남도,2013,228381382681.24146,42480200906.987274,270861583588.22873,331361302323.4509,165680651161.72546,55226883720.575165,552268837205.7516,823130420793.9803,0.32906277880844126,0.6511126449803895,67.09372211915587,37.86313983443935,338224.1240427677,144834721547.35315,2025-09-11 02:05:37
287,경상북도,2013,471662986760.41943,49056024032.094955,520719010792.5144,558816115305.2778,279408057652.6389,93136019217.54631,931360192175.463,1452079202967.9775,0.35860234739826224,0.6664732206470964,64.13976526017376,37.73199383284458,468405.0462855879,354661655701.57965,2025-09-11 02:05:37
288,경상남도,2013,1022460075113.3157,191231336586.88318,1213691411700.1987,224716990119.81735,112358495059.90868,37452831686.63622,374528316866.36224,1588219728566.561,0.7641835634390521,0.8773754529883072,23.581643656094784,79.64590829319286,375414.4379526008,504296702303.5525,2025-09-11 02:05:37
289,제주특별자치도,2013,109317650717.43123,13525349278.805872,122842999996.2371,100411276784.19475,50205638392.097374,16735212797.365793,167352127973.6579,290195127969.895,0.4233117242718868,0.7001220966213811,57.66882757281131,37.54423514008394,356887.58022459876,21655060156.530167,2025-09-11 02:05:37
290,서울특별시,2014,7287299813093.02,1161572852726.0852,8448872665819.1045,266806505236.393,133403252618.1965,44467750872.73218,444677508727.32166,8893550174546.426,0.95,0.974,5.000000000000004,92.54517123089026,744200.0396331766,2329128896352.5986,2025-09-11 02:05:38
291,부산광역시,2014,1903526252774.864,296314594012.0033,2199840846786.867,69468658319.58534,34734329159.79267,11578109719.930893,115781097199.30891,2315621943986.1763,0.95,0.974,5.000000000000004,94.32832096684682,559617.8871739067,726428981731.3483,2025-09-11 02:05:38
292,대구광역시,2014,1537077829680.9595,172174616932.8665,1709252446613.826,97907147836.48032,48953573918.24016,16317857972.74672,163178579727.46716,1872431026341.293,0.9128520210187309,0.9546830509297402,8.714797898126912,78.0638660921799,646627.9864082022,410401557454.39844,2025-09-11 02:05:38
293,인천광역시,2014,1751458255122.1018,392577504357.1735,2144035759479.2754,70757371878.51718,35378685939.25859,11792895313.086197,117928953130.86197,2261964712610.137,0.9478643709720914,0.9728894729054877,5.2135629027908585,102.68976160817718,587253.8268857608,871333700348.6919,2025-09-11 02:05:38
294,광주광역시,2014,515396763802.401,81661075295.67877,597057839098.0798,172977076321.14484,86488538160.57242,28829512720.19081,288295127201.9081,885352966299.9879,0.6743726647161604,0.8306737856524035,32.56273352838396,76.35339227221061,485784.87488428445,265472756284.57077,2025-09-11 02:05:38
295,대전광역시,2014,837910991893.1528,155731435013.69235,993642426906.8452,88271416817.39615,44135708408.698074,14711902802.89936,147119028028.9936,1140761454935.8389,0.8710343627123445,0.932937868610419,12.896563728765553,85.18477369491366,591073.6540010013,241000707196.3594,2025-09-11 02:05:38
296,울산광역시,2014,524215754758.3528,85176559160.23131,609392313918.5841,120791565122.92317,60395782561.461586,20131927520.487194,201319275204.87195,810711589123.456,0.7516758389718605,0.8708714362653674,24.832416102813948,65.49424664109056,584328.4807069525,378901538364.176,2025-09-11 02:05:38
297,세종특별자치시,2014,257874963660.04062,62867136708.88165,320742100368.92224,34431291454.25274,17215645727.12637,5738548575.70879,57385485757.08789,378127586126.01013,0.8482377698358027,0.9210836403146175,15.176223016419732,78.2977390154607,800559.8228594564,95249274585.76753,2025-09-11 02:05:38
298,경기도,2014,11629651113521.848,1736685128061.9395,13366336241583.787,422094828681.5937,211047414340.79684,70349138113.59895,703491381135.9895,14069827622719.777,0.95,0.974,5.000000000000004,93.63415358350949,835756.1368310992,5188266892008.737,2025-09-11 02:05:38
299,강원도,2014,614832106539.9587,95478382667.36908,710310489207.3279,36362734135.87047,18181367067.935234,6060455689.311745,60604556893.11745,770915046100.4453,0.9213862056530402,0.959120826939581,7.861379434695981,98.83695543806726,410009.4202299601,229074532061.50238,2025-09-11 02:05:38
300,충청북도,2014,468484444117.97626,62157777194.33846,530642221312.3147,127455592638.81696,63727796319.40848,21242598773.13616,212425987731.3616,743068209043.6763,0.7141231650796198,0.8513440458414023,28.587683492038018,75.11369236900099,377896.03295921435,205907647875.9587,2025-09-11 02:05:38
301,충청남도,2014,538204185209.66125,101100725093.81172,639304910303.473,345005784931.6003,172502892465.80014,57500964155.266716,575009641552.6671,1214314551856.1401,0.5264738937092236,0.7537664247287962,47.35261062907764,53.392443706702146,448663.97222899843,410753071923.8391,2025-09-11 02:05:38
302,전라북도,2014,329999019978.90924,28117517891.838535,358116537870.7478,255810263918.63483,127905131959.31741,42635043986.43915,426350439864.3914,784466977735.1392,0.45650938539781244,0.7173848804068624,54.34906146021876,45.64859415289919,370135.462126252,298959852736.702,2025-09-11 02:05:38
303,전라남도,2014,165374475445.91953,816955614.1882038,166191431060.10773,398859434544.25854,199429717272.12927,66476572424.04309,664765724240.4309,830957155300.5386,0.2,0.5840000000000001,80.0,19.82049892409344,401102.29310191487,390137922050.33704,2025-09-11 02:05:38
304,경상북도,2014,402412315422.5231,55017007304.547714,457429322727.0708,460404170703.1695,230202085351.58475,76734028450.52824,767340284505.2825,1224769607232.3533,0.37348193490915965,0.6742106061527631,62.65180650908403,35.69396506106393,381943.0194919112,351615806790.25244,2025-09-11 02:05:38
305,경상남도,2014,518836389918.9363,80902265343.74118,599738655262.6775,548488328504.5578,274244164252.2789,91414721417.42632,914147214174.263,1513885869436.9404,0.39615843398137945,0.6860023856703173,60.384156601862045,53.144954805752384,365778.2220029063,558162395717.9093,2025-09-11 02:05:38
306,제주특별자치도,2014,193091998228.1147,18773751148.359184,211865749376.47388,39996154686.6717,19998077343.33585,6666025781.11195,66660257811.11951,278526007187.5934,0.760667743439045,0.8755472265883034,23.9332256560955,75.74843108992127,349192.36216919334,89990818668.801,2025-09-11 02:05:38
307,서울특별시,2015,7409993473080.506,725091434431.7502,8135084907512.256,256897418131.96622,128448709065.98311,42816236355.327705,428162363553.27704,8563247271065.533,0.95,0.974,5.000000000000004,94.49530394728501,753258.631536304,1971420475843.3699,2025-09-11 02:05:38
308,부산광역시,2015,1929069916035.482,345003876228.35187,2274073792263.834,71812856597.80536,35906428298.90268,11968809432.96756,119688094329.6756,2393761886593.51,0.95,0.9739999999999999,5.000000000000004,95.17016307289359,564525.9693122872,618620511368.5261,2025-09-11 02:05:38
309,대구광역시,2015,1032119165115.5442,116100275190.91869,1148219440306.463,346383402754.1738,173191701377.0869,57730567125.69565,577305671256.9564,1725525111563.4194,0.6654318923623858,0.8260245840284406,33.456810763761425,62.2597739587527,592909.6122182456,519175753703.945,2025-09-11 02:05:38
310,인천광역시,2015,1643715622663.014,341318581969.81757,1985034204632.8315,161960647960.58954,80980323980.29477,26993441326.764923,269934413267.64923,2254968617900.481,0.8802934944970652,0.9377526171384738,11.970650550293481,91.55264791186761,590710.5055934688,644818232921.963,2025-09-11 02:05:38
311,광주광역시,2015,604717482262.8931,110809467379.53229,715526949642.4253,164616690312.12167,82308345156.06084,27436115052.020283,274361150520.2028,989888100162.628,0.7228361968639403,0.855874822369249,27.71638031360597,74.69688021015145,529319.7902661193,195135077584.0385,2025-09-11 02:05:38
312,대전광역시,2015,709807555806.9669,91171919700.18585,800979475507.1528,116242768156.82968,58121384078.41484,19373794692.804947,193737946928.04944,994717422435.2023,0.8052331822501381,0.8987212547700718,19.47668177498619,68.80445196688217,539139.5576154708,166669152256.80334,2025-09-11 02:05:38
313,울산광역시,2015,563148049231.3123,103201499373.005,666349548604.3173,109968083970.76904,54984041985.38452,18328013995.128174,183280139951.28174,849629688555.599,0.7842823262651467,0.8878268096578763,21.571767373485333,83.45624500494877,598867.8139218483,318121415615.5928,2025-09-11 02:05:38
314,세종특별자치시,2015,239237202281.23068,55246983868.52151,294484186149.7522,34508806718.601456,17254403359.300728,5751467786.433577,57514677864.33576,351998864014.08795,0.8366055014824313,0.9150348607708643,16.33944985175687,80.47408043615994,749572.1747969335,102317499785.7045,2025-09-11 02:05:38
315,경기도,2015,11268901057902.475,1685250481794.698,12954151539697.172,409078469674.64795,204539234837.32397,68179744945.77466,681797449457.7466,13635948989154.918,0.95,0.9740000000000001,5.000000000000005,89.97130804012879,806116.2836276965,3657501609182.2886,2025-09-11 02:05:38
316,강원도,2015,385322639909.0027,81496632883.71008,466819272792.71277,202685137604.6349,101342568802.31744,33780856267.439148,337808562674.3915,804627835467.1042,0.5801679387859032,0.7816873281686697,41.98320612140968,58.98023807725093,406212.2768918711,112040982040.7036,2025-09-11 02:05:38
317,충청북도,2015,259214469211.45438,44668309388.54556,303882778599.99994,360339768107.0794,180169884053.5397,60056628017.84657,600566280178.4657,904449058778.4656,0.335986615996283,0.6547130403180672,66.4013384003717,26.620725515186507,442375.20990673744,307682502559.48785,2025-09-11 02:05:38
318,충청남도,2015,329058484287.5019,33335410055.81312,362393894343.315,409475604327.0728,204737802163.5364,68245934054.51214,682459340545.1213,1044853234888.4363,0.34683712720859733,0.6603553061484707,65.31628727914027,36.54720332218191,414478.2254269422,495659101185.40186,2025-09-11 02:05:38
319,전라북도,2015,378892406249.05365,51584806842.33231,430477213091.386,300141438061.4498,150070719030.7249,50023573010.241646,500235730102.4164,930712943193.8024,0.4625241501575934,0.7205125580819487,53.74758498424066,40.292470724032185,417524.9996695747,223641350227.73663,2025-09-11 02:05:38
320,전라남도,2015,456210516603.35,27479156137.697132,483689672741.0471,250998302694.18008,125499151347.09004,41833050449.03002,418330504490.3002,902020177231.3473,0.53622932718166,0.7588392501344633,46.377067281833995,48.2520773987345,410803.96913828404,344244927446.5216,2025-09-11 02:05:38
321,경상북도,2015,545956048725.3008,54368592229.03226,600324640954.333,248756737067.95206,124378368533.97603,41459456177.99201,414594561779.9201,1014919202734.2532,0.5914999335287208,0.7875799654349348,40.85000664712792,57.92987322938012,325689.03388361254,207882924003.71158,2025-09-11 02:05:38
322,경상남도,2015,558838989222.8132,32979053382.758373,591818042605.5717,366557504825.6906,183278752412.8453,61092917470.94844,610929174709.4844,1202747217315.0562,0.4920552166619952,0.7358687126642374,50.794478333800484,44.03220090047928,315742.0469670371,297311180527.8636,2025-09-11 02:05:38
323,제주특별자치도,2015,159847752238.16556,35116130101.14868,194963882339.31424,100840111552.87308,50420055776.43654,16806685258.81218,168066852588.12183,363030734927.43604,0.537045113765049,0.7592634591578254,46.2954886234951,62.05844943500733,407562.7307544738,135516706156.00673,2025-09-11 02:05:38
324,서울특별시,2016,8239758582614.354,809571784659.1578,9049330367273.512,285768327387.58484,142884163693.79242,47628054564.59748,476280545645.97473,9525610912919.486,0.95,0.9740000000000001,5.000000000000004,96.0861219649114,833783.2335460205,2351934984816.9683,2025-09-11 02:05:39
325,부산광역시,2016,2135545072122.08,284714218372.43427,2420259290494.514,175768453519.94492,87884226759.97246,29294742253.324154,292947422533.2415,2713206713027.756,0.8920290808928701,0.9438551220642925,10.797091910712986,98.89524262051577,662524.0833823758,560014640074.6444,2025-09-11 02:05:39
326,대구광역시,2016,1348811642007.5073,255046225346.64282,1603857867354.1501,141774715256.20392,70887357628.10196,23629119209.367325,236291192093.67322,1840149059447.8232,0.8715912763259638,0.9332274636895013,12.840872367403625,88.53927276554158,588861.3769558985,664303311157.6083,2025-09-11 02:05:39
327,인천광역시,2016,1445557563521.4358,157807413775.21274,1603364977296.6484,346260652036.8922,173130326018.4461,57710108672.81537,577101086728.1537,2180466064024.8022,0.735331314598442,0.8623722835911898,26.466868540155797,77.67544074061294,619070.6464523743,898947562550.3163,2025-09-11 02:05:39
328,광주광역시,2016,651214219863.8701,126934070485.98729,778148290349.8574,159889210141.84393,79944605070.92197,26648201690.307327,266482016903.07324,1044630307252.9307,0.7449030388522402,0.8673495802031649,25.50969611477598,76.12914164071547,550607.3542509422,304128076054.0975,2025-09-11 02:05:39
329,대전광역시,2016,876008829319.4905,133985544902.53667,1009994374222.0271,55192769872.04005,27596384936.020023,9198794978.673342,91987949786.73341,1101982324008.7605,0.9165250224231345,0.95659301166003,8.34749775768655,81.89938638380865,581913.9639638622,372811101307.2162,2025-09-11 02:05:39
330,울산광역시,2016,593692371447.4332,90631555621.90123,684323927069.3345,77033215802.4294,38516607901.2147,12838869300.404902,128388693004.04901,812712620073.3835,0.8420244870905829,0.9178527332871029,15.79755129094171,89.36012307187521,585369.3011412582,295469819037.48254,2025-09-11 02:05:39
331,세종특별자치시,2016,214992678214.1207,41351679677.75643,256344357891.87714,31423446043.200817,15711723021.600409,5237241007.200137,52372410072.00136,308716767963.8785,0.8303545012555676,0.9117843406528953,16.964549874443236,85.16577653709794,675581.8323177112,97102965091.47617,2025-09-11 02:05:39
332,경기도,2016,11615836698397.596,1490851018589.159,13106687716986.754,677981668570.7816,338990834285.3908,112996944761.79695,1129969447617.9692,14236657164604.723,0.9206295807679272,0.9587273819993222,7.937041923207276,88.94550913632072,853527.8277518464,4457909762425.827,2025-09-11 02:05:39
333,강원도,2016,226582853599.7656,31266981560.72215,257849835160.48773,324541544171.0432,162270772085.5216,54090257361.84054,540902573618.40533,798752408778.8931,0.3228157215258734,0.6478641751934542,67.71842784741267,35.27099402936749,427333.54595891753,139730728032.54663,2025-09-11 02:05:39
334,충청북도,2016,180886337474.2654,28143932595.869553,209030270070.13495,341527065410.0495,170763532705.02475,56921177568.34159,569211775683.4158,778242045753.5508,0.2685928769984877,0.6196682960392137,73.14071230015121,25.345702458678925,384394.50653351936,234434585411.0143,2025-09-11 02:05:39
335,충청남도,2016,521976883794.97144,94091351394.697,616068235189.6685,370662160421.04193,185331080210.52097,61777026736.840324,617770267368.4032,1233838502558.0718,0.4993102694658961,0.7396413401222659,50.068973053410396,53.74685202800173,454618.76515178406,285004156548.143,2025-09-11 02:05:39
336,전라북도,2016,337517273794.20013,46489766094.993515,384007039889.19366,239107002075.3401,119553501037.67004,39851167012.55669,398511670125.56683,782518710014.7605,0.49073208726466133,0.735180685377624,50.926791273533865,58.346542371963245,348951.3833129655,337795500540.66296,2025-09-11 02:05:39
337,전라남도,2016,559500081276.6647,104869310325.02162,664369391601.6863,124979495311.24167,62489747655.620834,20829915885.206947,208299158852.06943,872668550453.7557,0.7613078198546728,0.8758800663244299,23.86921801453272,87.03117977132929,353241.8439131641,175735587207.57538,2025-09-11 02:05:39
338,경상북도,2016,806250057783.999,175222568709.60764,981472626493.6067,349868318311.25995,174934159155.62997,58311386385.21,583113863852.0999,1564586490345.7065,0.6273048070846778,0.8061984996840326,37.26951929153221,56.73747939299615,451443.78244964156,163312331469.7297,2025-09-11 02:05:39
339,경상남도,2016,944665167951.7626,193769638214.08102,1138434806165.8435,412707763793.9417,206353881896.97086,68784627298.99028,687846272989.9028,1826281079155.7463,0.6233623176406774,0.8041484051731522,37.66376823593225,71.36545384658471,419381.527877228,596207246102.0822,2025-09-11 02:05:39
340,제주특별자치도,2016,106318157610.05286,18901745457.934402,125219903067.98726,122172726264.19107,61086363132.095535,20362121044.031845,203621210440.31848,328841113508.3057,0.380791506670362,0.6780115834685883,61.92084933296381,30.812081088745934,380567.12299330044,96947153501.0774,2025-09-11 02:05:39
341,서울특별시,2017,7553558397085.2,902853799144.974,8456412196230.174,267044595670.4268,133522297835.2134,44507432611.7378,445074326117.378,8901486522347.553,0.95,0.9739999999999999,5.0000000000000036,104.32210262987466,760872.1628894687,4079664046277.781,2025-09-11 02:05:39
342,부산광역시,2017,1775792919793.0815,112349005252.00668,1888141925045.0881,244284926990.10294,122142463495.05147,40714154498.35049,407141544983.5049,2295283470028.593,0.8226181862502443,0.9077614568501271,17.73818137497557,85.88585765825295,594685.55355927,351118427785.06995,2025-09-11 02:05:39
343,대구광역시,2017,1147581209274.5833,122874929767.90245,1270456139042.4856,187559287680.62967,93779643840.31483,31259881280.104946,312598812801.04944,1583054951843.5352,0.8025344524919904,0.8973179152958349,19.74655475080096,80.68229391028413,541646.3438400317,670105019675.198,2025-09-11 02:05:39
344,인천광역시,2017,1667927664724.6655,178463506704.2059,1846391171428.8713,58307089624.06968,29153544812.03484,9717848270.678282,97178482706.7828,1943569654135.654,0.95,0.9740000000000001,5.000000000000005,91.76425201205755,550380.3546360882,707904663444.9933,2025-09-11 02:05:39
345,광주광역시,2017,808163286681.1399,88687538055.73451,896850824736.8744,54663879634.55309,27331939817.276546,9110646605.758848,91106466057.58849,987957290794.4629,0.9077829913231112,0.9520471554880178,9.221700867688874,98.07940843522522,558157.0166417947,291614406245.3027,2025-09-11 02:05:39
346,대전광역시,2017,753840254136.8756,120502825305.01122,874343079441.8868,104389782461.81487,52194891230.90743,17398297076.969143,173982970769.69144,1048326050211.5782,0.8340373486525711,0.913699421299337,16.596265134742893,85.71406336191623,547784.6789873104,245566827763.82895,2025-09-11 02:05:39
347,울산광역시,2017,559965993065.5442,56693789334.80998,616659782400.3541,50735278900.05341,25367639450.026707,8455879816.67557,84558798166.75569,701218580567.1099,0.8794116406636446,0.9372940531450952,12.058835933635535,81.71224144018113,526240.2622981275,183786656742.63385,2025-09-11 02:05:39
348,세종특별자치시,2017,251754114285.80035,34597510536.91109,286351624822.7114,9042682889.138264,4521341444.569132,1507113814.8563776,15071138148.563774,301422762971.2752,0.95,0.974,5.000000000000004,93.57690102819122,688322.9372133982,107700894921.64297,2025-09-11 02:05:39
349,경기도,2017,11102941245761.76,1823892222755.6282,12926833468517.389,408215793742.6547,204107896871.32736,68035965623.775795,680359656237.7578,13607193124755.146,0.95,0.974,5.0000000000000036,99.17056044800972,787024.0117499033,4651828907122.561,2025-09-11 02:05:39
350,강원도,2017,581266353117.006,27038959048.579647,608305312165.5856,82473883683.59848,41236941841.79924,13745647280.599747,137456472805.99747,745761784971.583,0.8156831369265788,0.904155231201821,18.431686307342122,87.94446424510984,431886.6264418564,250314365072.46002,2025-09-11 02:05:39
351,충청북도,2017,301434911873.69385,58338317605.885185,359773229479.57904,259761877486.6647,129880938743.33235,43293646247.77746,432936462477.77454,792709691957.3535,0.4538524419844412,0.7160032698319095,54.614755801555894,46.09419181485563,377368.98702804145,323064726805.552,2025-09-11 02:05:39
352,충청남도,2017,565559425544.0231,56465487857.35676,622024913401.3799,286776148788.381,143388074394.1905,47796024798.06351,477960247980.635,1099985161382.015,0.5654848221951208,0.7740521075414628,43.451517780487926,58.911981485201125,432957.5446402498,288761013877.2794,2025-09-11 02:05:39
353,전라북도,2017,465327284913.8043,95746568360.11566,561073853273.9199,200820602228.96198,100410301114.48099,33470100371.493668,334701003714.93665,895774856988.8566,0.6263558849597178,0.8057050601790532,37.36441150402822,50.97233012627373,375208.0660575438,101828142691.9464,2025-09-11 02:05:39
354,전라남도,2017,656980292367.1808,107472135988.49998,764452428355.6808,105735404716.66809,52867702358.334045,17622567452.778015,176225674527.78015,940678102883.4609,0.8126610218866629,0.9025837313810647,18.733897811333712,81.12137176345156,386809.04956716206,82266594461.31825,2025-09-11 02:05:39
355,경상북도,2017,370957230057.6388,71009664547.11684,441966894604.7556,500080595277.6996,250040297638.8498,83346765879.61661,833467658796.1659,1275434553400.9214,0.3465225976717186,0.6601917507892938,65.34774023282814,37.154073832928134,374305.5317790736,377579113793.46265,2025-09-11 02:05:39
356,경상남도,2017,748813725802.4486,162329897049.03006,911143622851.4786,390281349688.7073,195140674844.35364,65046891614.784546,650468916147.8455,1561612538999.3242,0.583463311222729,0.7834009218358189,41.65366887772709,56.11221154372106,353552.26109424833,538738401380.4696,2025-09-11 02:05:39
357,제주특별자치도,2017,191207243401.60294,28663362441.633705,219870605843.23663,63319822851.721634,31659911425.860817,10553303808.620274,105533038086.20273,325403643929.43933,0.6756857519730586,0.8313565910259906,32.431424802694146,65.00888485264642,383965.4004599057,75939369443.32323,2025-09-11 02:05:39
358,서울특별시,2018,8020319492340.584,1272144129017.792,9292463621358.375,293446219621.8437,146723109810.92184,48907703270.30729,489077032703.0728,9781540654061.447,0.95,0.974,5.000000000000004,97.81072947986404,804233.5385458276,2928363755025.3423,2025-09-11 02:05:40
359,부산광역시,2018,1720621873626.0703,303991814234.44214,2024613687860.5125,250231855351.79248,125115927675.89624,41705309225.29875,417053092252.9875,2441666780113.5,0.8291932807335811,0.911180505981462,17.080671926641887,77.98000435273354,569053.9568981704,769435627578.3567,2025-09-11 02:05:40
360,대구광역시,2018,1275712308398.266,73864175316.80954,1349576483715.0757,122061168508.02165,61030584254.010826,20343528084.670277,203435280846.70276,1553011764561.7783,0.8690059628079462,0.931883100660132,13.099403719205386,90.51107425493801,553549.5085962935,420591382632.4793,2025-09-11 02:05:40
361,인천광역시,2018,1441741469162.8423,143297227547.32086,1585038696710.163,145655127482.46985,72827563741.23492,24275854580.411644,242758545804.11642,1827797242514.2795,0.8671851887301335,0.9309362981396694,13.28148112698665,93.58417106569853,518818.2719030983,1024546616201.9791,2025-09-11 02:05:40
362,광주광역시,2018,794511130054.6322,85037743841.2525,879548873895.8848,27775227596.712177,13887613798.356089,4629204599.452029,46292045994.520294,925840919890.405,0.95,0.974,5.000000000000004,98.40265430987904,521970.6695713313,293629909534.52203,2025-09-11 02:05:40
363,대전광역시,2018,803065794021.8274,48669551102.68479,851735345124.5122,74411263485.4411,37205631742.72055,12401877247.573519,124018772475.73517,975754117600.2473,0.8728995653323557,0.9339077739728251,12.710043466764432,89.19613186084881,555051.5420436141,405621134493.80524,2025-09-11 02:05:40
364,울산광역시,2018,555777821456.692,52735446248.31134,608513267705.0034,88013821786.47832,44006910893.23916,14668970297.746387,146689702977.46387,755202970682.4673,0.8057612209272664,0.8989958348821785,19.42387790727336,82.09097983955719,567466.0536649695,149251857126.48828,2025-09-11 02:05:40
365,세종특별자치시,2018,256837227201.54044,20151650883.387135,276988878084.92755,12478431246.353062,6239215623.176531,2079738541.0588436,20797385410.58844,297786263495.516,0.9301600242856682,0.9636832126285475,6.983997571433178,94.2599918472636,713953.5863317052,109609965774.24738,2025-09-11 02:05:40
366,경기도,2018,11956329805576.623,1747725843465.506,13704055649042.129,432759652075.0151,216379826037.50754,72126608679.16917,721266086791.6918,14425321735833.82,0.95,0.974,5.000000000000005,87.5681298620814,843680.9332434793,6328481020129.354,2025-09-11 02:05:40
367,강원도,2018,259730588693.58084,48807302666.55685,308537891360.1377,274518310024.7897,137259155012.39485,45753051670.79829,457530516707.98285,766068408068.1206,0.4027550126211467,0.6894326065629963,59.72449873788533,42.279049296389246,389070.7736204375,194062711827.68088,2025-09-11 02:05:40
368,충청북도,2018,478127793188.1819,63462572953.3832,541590366141.56506,128169913534.0011,64084956767.00055,21361652255.666855,213616522556.66852,755206888698.2336,0.7171417187085198,0.8529136937284303,28.285828129148015,71.84062831311077,377100.1813313534,124200604569.3704,2025-09-11 02:05:40
369,충청남도,2018,735375892987.9047,108412427640.91504,843788320628.8197,84988744704.39618,42494372352.19809,14164790784.066032,141647907840.6603,985436228469.48,0.856258676362387,0.9252545117084413,14.374132363761305,86.25999735412726,370103.19208989345,336308264256.7701,2025-09-11 02:05:40
370,전라북도,2018,344142968516.50946,63723396009.81541,407866364526.3249,293337575218.97626,146668787609.48813,48889595869.82938,488895958698.2937,896762323224.6187,0.4548210311286278,0.7165069361868864,54.517896887137205,40.8447945516657,380420.2082332061,188086432201.7755,2025-09-11 02:05:40
371,전라남도,2018,254097746405.91763,40814941983.20805,294912688389.1257,411563756777.10785,205781878388.55392,68593959462.85131,685939594628.5131,980852283017.6387,0.3006698291834656,0.6363483111754022,69.93301708165345,36.514860399923336,402527.0620531536,251429708581.96356,2025-09-11 02:05:40
372,경상북도,2018,643415171437.9093,110320409109.31432,753735580547.2236,257757701022.76926,128878850511.38463,42959616837.12821,429596168371.2821,1183331748918.5059,0.6369604983860974,0.8112194591607705,36.30395016139026,65.05479526078864,351595.38918535924,337216200498.9981,2025-09-11 02:05:40
373,경상남도,2018,723672986414.8175,128888075610.19186,852561062025.0094,543773949189.36865,271886974594.68433,90628991531.56146,906289915315.6145,1758850977340.624,0.4847261496332557,0.7320575978092929,51.527385036674424,41.64491905331166,409420.6035335392,188404850354.9312,2025-09-11 02:05:40
374,제주특별자치도,2018,172900166319.0367,22414896193.948536,195315062512.98526,65737947242.8268,32868973621.4134,10956324540.471134,109563245404.71133,304878307917.6966,0.6406328605238505,0.8131290874724023,35.93671394761495,66.2537756931526,364543.29840994603,82851862566.67061,2025-09-11 02:05:40
375,서울특별시,2019,8195222922273.6,1357662528592.7595,9552885450866.36,301670066869.4643,150835033434.73215,50278344478.24405,502783444782.4404,10055668895648.8,0.95,0.974,5.0000000000000036,93.48798538401724,818070.2175911358,2850727270831.258,2025-09-11 02:05:40
376,부산광역시,2019,1828281948461.0972,335622519713.8241,2163904468174.9214,162379659343.21796,81189829671.60898,27063276557.202995,270632765572.02994,2434537233746.951,0.8888360540062458,0.9421947480832478,11.116394599375425,97.62340260300088,561545.0327444113,666247296533.7235,2025-09-11 02:05:40
377,대구광역시,2019,1322964507874.4487,147871054612.65945,1470835562487.1082,204575172738.2005,102287586369.10025,34095862123.033417,340958621230.3342,1811794183717.4424,0.8118116150860167,0.9021420398447286,18.818838491398328,77.68216906407466,611728.4965170781,612115590710.8018,2025-09-11 02:05:40
378,인천광역시,2019,1591685894905.6484,144916827776.21326,1736602722681.8618,107511129401.509,53755564700.7545,17918521566.918167,179185215669.18164,1915787938351.0435,0.9064691806007454,0.9513639739123877,9.353081939925454,85.86861486593618,545485.6724955274,594520739021.1394,2025-09-11 02:05:40
379,광주광역시,2019,784564208366.755,102835795739.07004,887400004105.8251,86249920484.41492,43124960242.20746,14374986747.402489,143749867474.02487,1031149871579.85,0.8605926534677426,0.9275081798032262,13.940734653225743,87.77836960763563,566421.6913006082,431776871699.05695,2025-09-11 02:05:40
380,대전광역시,2019,969161964276.4913,85379237941.86449,1054541202218.3558,33301301122.68495,16650650561.342476,5550216853.780827,55502168537.80826,1110043370756.164,0.95,0.974,5.000000000000005,95.32021099603121,612715.0082354932,276450191425.13477,2025-09-11 02:05:40
381,울산광역시,2019,450610250107.7386,72505111053.49956,523115361161.23816,127238008130.25534,63619004065.12767,21206334688.375893,212063346883.75888,735178708044.9971,0.711548573750616,0.8500052583503203,28.845142624938397,63.67020261657191,518657.7241566459,270130661496.64438,2025-09-11 02:05:40
382,세종특별자치시,2019,284886825333.87836,21091744395.554226,305978569729.43256,9662481149.350512,4831240574.675256,1610413524.891752,16104135248.91752,322082704978.3501,0.95,0.9739999999999999,5.000000000000005,98.63455369121114,771894.1281145522,46621429270.760345,2025-09-11 02:05:40
383,경기도,2019,11936558981179.104,1936091359331.634,13872650340510.738,461737008858.5983,230868504429.29916,76956168143.09972,769561681430.9972,14642212021941.736,0.9474422525587125,0.9726699713305305,5.255774744128749,97.35504228316793,840755.374546505,5734074321408.077,2025-09-11 02:05:40
384,강원도,2019,332501573828.4591,51141230599.44762,383642804427.90674,201172675682.0298,100586337841.0149,33528779280.338303,335287792803.383,718930597231.2898,0.5336298189357541,0.7574875058465921,46.637018106424584,54.10812622397748,374230.6705054281,226246604801.5364,2025-09-11 02:05:40
385,충청북도,2019,319677341852.2686,52979664930.03602,372657006782.3046,264329554405.61926,132164777202.80963,44054925734.26988,440549257342.6988,813206264125.0034,0.4582564390146176,0.7182933482876012,54.17435609853825,43.929074657222884,392789.9053251593,192304825454.06714,2025-09-11 02:05:40
386,충청남도,2019,636797988039.064,89801971884.55237,726599959923.6163,212172742074.74908,106086371037.37454,35362123679.12485,353621236791.24854,1080221196714.8649,0.6726399760839072,0.8297727875636318,32.73600239160928,71.31156546202371,406140.9071251667,283669136236.8108,2025-09-11 02:05:40
387,전라북도,2019,531264496947.1236,57199963189.63145,588464460136.755,127975128893.69159,63987564446.845795,21329188148.9486,213291881489.486,801756341626.241,0.7339691993494485,0.8616639836617133,26.603080065055153,73.67963495303853,362274.2573610174,272620600924.09747,2025-09-11 02:05:40
388,전라남도,2019,619027997684.4718,102035620866.67247,721063618551.1443,138136070852.67014,69068035426.33507,23022678475.445026,230226784754.45023,951290403305.5945,0.7579847500253908,0.8741520700132033,24.20152499746092,70.49528609375555,387233.7875830687,449658037957.26984,2025-09-11 02:05:40
389,경상북도,2019,670907683836.4728,75882205430.8023,746789889267.2751,229169427933.43155,114584713966.71577,38194904655.57192,381949046555.71924,1128738935822.9944,0.6616143605631627,0.8240394674928446,33.83856394368373,64.34566334686127,351367.44118009426,401647164979.87494,2025-09-11 02:05:40
390,경상남도,2019,648678623325.1838,135971141469.15381,784649764794.3376,555940860698.4042,277970430349.2021,92656810116.4007,926568101164.0068,1711217865958.3445,0.4585329433519589,0.7184371305430187,54.14670566480411,54.4164215959058,386208.7638952625,390736425412.44,2025-09-11 02:05:40
391,제주특별자치도,2019,134015043661.11629,19779068115.58425,153794111776.70053,89464075732.56078,44732037866.28039,14910679288.76013,149106792887.6013,302900904664.3018,0.5077373801413603,0.7440234376735073,49.22626198586398,47.31691586878114,354908.6897268295,67867532155.72795,2025-09-11 02:05:40
392,서울특별시,2020,7887188909815.923,1264269304725.4294,9151458214541.352,288993417301.3061,144496708650.65305,48165569550.21769,481655695502.1768,9633113910043.53,0.95,0.9739999999999999,5.0000000000000036,89.89317703078846,783790.8062870625,717520082731.5526,2025-09-11 02:05:41
393,부산광역시,2020,1979169482776.2036,519148671431.019,2498318154207.2227,95693670925.59846,47846835462.79923,15948945154.266413,159489451542.66412,2657807605749.8867,0.9399921005577584,0.9687958922900345,6.000789944224161,92.52327377593076,572229.1463014662,849041153795.8733,2025-09-11 02:05:41
394,대구광역시,2020,1528545067830.1104,298380176971.5171,1826925244801.6274,121107945478.2685,60553972739.13425,20184657579.71142,201846575797.11417,2028771820598.7417,0.9005079951585959,0.9482641574824698,9.949200484140409,95.76391377758277,634314.3929528886,357171471782.9937,2025-09-11 02:05:41
395,인천광역시,2020,1598408829279.9128,285673679417.4606,1884082508697.3735,397206601455.8039,198603300727.90195,66201100242.63399,662011002426.3398,2546093511123.7134,0.7399895174572113,0.8647945490777499,26.00104825427887,80.77346704643318,668019.9566272662,1036921166848.231,2025-09-11 02:05:41
396,광주광역시,2020,890028949482.0969,103682138180.86336,993711087662.9603,31380350136.72509,15690175068.362545,5230058356.12085,52300583561.20848,1046011671224.1688,0.95,0.974,5.0000000000000036,97.85791954119254,579478.9413342862,334598629569.4476,2025-09-11 02:05:41
397,대전광역시,2020,700115718466.9093,115884017436.3223,815999735903.2316,120140199544.09233,60070099772.046165,20023366590.682056,200233665906.82056,1016233401810.0521,0.8029648842970751,0.897541739834479,19.703511570292488,83.945283773701,521323.31582680217,208966120523.6652,2025-09-11 02:05:41
398,울산광역시,2020,577456916021.2606,69616226720.80484,647073142742.0654,53618361065.00973,26809180532.504864,8936393510.834955,89363935108.34955,736437077850.415,0.87865367212472,0.9368999095048544,12.134632787527998,86.94815352085817,535838.9833131725,266601889582.04193,2025-09-11 02:05:41
399,세종특별자치시,2020,231303209388.54065,46839438787.57712,278142648176.1178,24168904825.47591,12084452412.737955,4028150804.2459855,40281508042.459854,318424156218.57764,0.8734973234417266,0.9342186081896979,12.65026765582734,87.44195229324464,678542.6779601605,70610683216.83601,2025-09-11 02:05:41
400,경기도,2020,12004466387644.703,1562814821190.156,13567281208834.86,428440459226.3644,214220229613.1822,71406743204.39407,714067432043.9407,14281348640878.8,0.95,0.974,5.000000000000004,102.01549630886787,839480.5120775324,2538752914800.797,2025-09-11 02:05:41
401,강원도,2020,353183896034.8474,64948900858.010086,418132796892.8575,254574989245.62918,127287494622.81459,42429164874.27154,424291648742.71533,842424445635.5728,0.4963445672298771,0.7380991749595361,50.36554327701229,53.66747420481842,425452.90556006506,268855397864.60837,2025-09-11 02:05:41
402,충청북도,2020,660858274119.3306,74740602698.02844,735598876817.359,77657960402.28813,38828980201.144066,12942993400.381357,129429934003.81355,865028810821.1726,0.8503750020985479,0.9221950010912447,14.962499790145209,88.48325923249467,435615.1714183536,404229887493.274,2025-09-11 02:05:41
403,충청남도,2020,194084396997.10376,48110334750.48793,242194731747.59167,581267356194.22,290633678097.11,96877892699.03668,968778926990.3667,1210973658737.9585,0.2,0.584,80.0,17.83254437556334,414444.5803909967,321583439644.58954,2025-09-11 02:05:41
404,전라북도,2020,171209070395.36383,37810891252.32717,209019961647.691,501647907954.4584,250823953977.2292,83607984659.07642,836079846590.7639,1045099808238.455,0.2,0.584,80.0,24.29046409300544,426529.82161276485,289151447662.65985,2025-09-11 02:05:41
405,전라남도,2020,305243517607.57684,41919037977.26066,347162555584.8375,504441790182.7143,252220895091.35715,84073631697.11906,840736316971.1904,1187898872556.0278,0.2922492508456046,0.6319696104397146,70.77507491543955,33.86089690586134,493020.04250161536,341826789565.583,2025-09-11 02:05:41
406,경상북도,2020,604534528957.1154,104453904889.79387,708988433846.9092,411025107282.05853,205512553641.02927,68504184547.00976,685041845470.0975,1394030279317.0068,0.5085889771305915,0.7444662681079075,49.14110228694085,54.136565853912636,410020.86044563854,512814402846.9526,2025-09-11 02:05:41
407,경상남도,2020,634157115840.0107,102189272645.1273,736346388485.1381,562092263345.1398,281046131672.5699,93682043890.85664,936820438908.5664,1673166827393.7046,0.44009143405750306,0.7088475457099016,55.99085659424969,44.42176023500872,391620.256213733,255770070391.89767,2025-09-11 02:05:41
408,제주특별자치도,2020,188628014440.22806,16541447247.707735,205169461687.9358,71172682858.00613,35586341429.00307,11862113809.66769,118621138096.6769,323790599784.6127,0.6336486044511968,0.8094972743146224,36.63513955488033,60.58902114566942,398481.3870561107,116895509911.46164,2025-09-11 02:05:41
409,서울특별시,2021,7503597818506.901,914578503187.0796,8418176321693.98,265837147000.8628,132918573500.4314,44306191166.81047,443061911668.1047,8861238233362.086,0.95,0.9739999999999999,5.000000000000004,89.71345729167724,742342.4830339238,3468255241577.4,2025-09-11 02:05:41
410,부산광역시,2021,2135830447900.395,278735373511.23157,2414565821411.6265,119682008437.94606,59841004218.97303,19947001406.324345,199470014063.24344,2614035835474.87,0.9236927010118791,0.9603202045261771,7.630729898812094,98.07753497473067,625615.2103434477,317988444405.5206,2025-09-11 02:05:41
411,대구광역시,2021,1663052246868.0798,238498133570.97116,1901550380439.051,60048959382.28588,30024479691.14294,10008159897.047647,100081598970.47647,2001631979409.5276,0.95,0.9739999999999999,5.000000000000004,95.98658938214089,651257.9287547306,560130838361.5248,2025-09-11 02:05:41
412,인천광역시,2021,1696830634417.7021,215445884295.04376,1912276518712.7458,183100446717.57925,91550223358.78963,30516741119.596546,305167411195.96545,2217443929908.7114,0.8623787474037602,0.9284369486499553,13.76212525962398,83.78148717287775,605793.2508831903,507566046480.6124,2025-09-11 02:05:41
413,광주광역시,2021,905093303883.0369,134900215127.84985,1039993519010.8867,32841900600.34382,16420950300.17191,5473650100.057304,54736501000.57304,1094730020011.4597,0.95,0.974,5.000000000000004,99.25220572989062,586656.2768233322,303730822312.6347,2025-09-11 02:05:41
414,대전광역시,2021,871858465329.1365,159103076935.97333,1030961542265.1099,32556680282.05613,16278340141.028065,5426113380.3426895,54261133803.42689,1085222676068.5367,0.95,0.974,5.000000000000004,97.3681687708518,546277.2339154991,329601069645.03424,2025-09-11 02:05:41
415,울산광역시,2021,340975773912.83655,56547986107.79253,397523760020.6291,178460570243.20035,89230285121.60017,29743428373.866726,297434283738.66724,694958043759.2964,0.5720111646888345,0.7774458056381938,42.79888353111655,54.97418721011279,483847.28714951285,135120230627.93257,2025-09-11 02:05:41
416,세종특별자치시,2021,225412409712.883,27994202468.961617,253406612181.8446,29381677693.6367,14690838846.81835,4896946282.272784,48969462822.72783,302376075004.57245,0.8380511327756757,0.9157865890433513,16.19488672243243,79.90957229746209,686153.4278061108,112374047729.09103,2025-09-11 02:05:41
417,경기도,2021,11156530183343.79,1394674102597.948,12551204285941.736,396353819556.05524,198176909778.02762,66058969926.00921,660589699260.092,13211793985201.828,0.95,0.974,5.000000000000005,88.06523772829661,776700.7924912134,7080624048146.217,2025-09-11 02:05:41
418,강원도,2021,305916786112.92926,34700237130.2843,340617023243.21356,258155357205.58914,129077678602.79457,43025892867.5982,430258928675.98193,770875951919.1956,0.4418571138393971,0.7097656991964865,55.81428861606028,45.31715377707569,412109.07183313044,381502039633.64777,2025-09-11 02:05:41
419,충청북도,2021,152393565799.0044,18457274598.094166,170850840397.09857,410042016953.03656,205021008476.51828,68340336158.83943,683403361588.3943,854254201985.4929,0.2,0.584,80.0,17.676403413168472,425205.2617159721,266029147801.0297,2025-09-11 02:05:41
420,충청남도,2021,336722168277.72955,72323241794.6827,409045410072.41223,517042769396.5801,258521384698.29004,86173794899.43002,861737948994.3002,1270783359066.7124,0.3218844558783198,0.6473799170567263,67.81155441216802,28.934201181265728,444768.8746021081,256404586529.1079,2025-09-11 02:05:41
421,전라북도,2021,415136868988.33984,84128126138.93924,499264995127.27905,282425182038.93146,141212591019.46573,47070863673.15525,470708636731.5525,969973631858.8315,0.514720172516959,0.7476544897088186,48.5279827483041,57.03604265684079,400064.1065989185,374909617997.8406,2025-09-11 02:05:41
422,전라남도,2021,715321347809.7094,115976322966.95288,831297670776.6622,75407000259.03697,37703500129.518486,12567833376.506163,125678333765.06161,956976004541.7239,0.8686713844771412,0.9317091199281134,13.13286155228588,85.47968179456184,386967.1039214753,416951360396.6159,2025-09-11 02:05:41
423,경상북도,2021,940894441463.2781,206003150517.29285,1146897591980.5708,113694676146.70714,56847338073.35357,18949112691.117855,189491126911.17856,1336388718891.7493,0.8582065799924432,0.9262674215960706,14.179342000755678,81.54787935782882,376493.6816272707,390637302557.4798,2025-09-11 02:05:41
424,경상남도,2021,462289833710.8033,67284057127.10768,529573890837.91095,617539316579.8242,308769658289.9121,102923219429.97072,1029232194299.707,1558806085137.618,0.3397304487627516,0.6566598333566308,66.02695512372485,37.97460610591205,368169.58464369224,373294852600.8431,2025-09-11 02:05:41
425,제주특별자치도,2021,175935700962.9703,30347036284.257748,206282737247.22806,85860429379.25821,42930214689.629105,14310071563.209702,143100715632.09702,349383452879.3251,0.5904193102083655,0.7870180413083501,40.95806897916346,57.859224772665584,397100.6493544928,85252697835.45273,2025-09-11 02:05:41
426,서울특별시,2022,8116796148817.914,1187882372817.9246,9304678521635.838,293831953314.8162,146915976657.4081,48971992219.13604,489719922191.3604,9794398443827.2,0.95,0.974,5.000000000000004,99.82483043919305,799438.2171812042,4710016220891.559,2025-09-11 02:05:42
427,부산광역시,2022,2164163360207.169,277703810321.8161,2441867170528.985,100878079707.49452,50439039853.74726,16813013284.582422,168130132845.82422,2609997303374.809,0.9355822580243947,0.9665027741726853,6.441774197560535,86.65966098568613,623076.8279808796,703566765643.6925,2025-09-11 02:05:42
428,대구광역시,2022,1551589442041.5117,210622825633.3112,1762212267674.823,55648808452.8892,27824404226.4446,9274801408.814867,92748014088.14867,1854960281762.9717,0.95,0.974,5.000000000000004,99.64404474668913,604908.1645386011,855803304517.2401,2025-09-11 02:05:42
429,인천광역시,2022,1588393310042.9897,347069710002.10187,1935463020045.0916,160136127941.90408,80068063970.95204,26689354656.984016,266893546569.84015,2202356566614.9316,0.8788145613586718,0.9369835719065093,12.118543864132825,82.37369571727568,554000.6631989586,659180312284.6825,2025-09-11 02:05:42
430,광주광역시,2022,505131002764.84827,53396924710.98705,558527927475.8353,245941556724.1006,122970778362.0503,40990259454.01677,409902594540.16766,968430522016.0029,0.5767351552624916,0.7799022807364957,42.32648447375084,49.91222644722471,536916.9010144745,115743550249.18222,2025-09-11 02:05:42
431,대전광역시,2022,761709154692.2142,147855753174.63757,909564907866.8518,28723102353.690086,14361551176.845043,4787183725.615015,47871837256.15014,957436745123.002,0.95,0.974,5.000000000000004,92.19277221339937,475140.21345323307,277052513883.95197,2025-09-11 02:05:42
432,울산광역시,2022,571436525046.8197,83628702959.45015,655065228006.2699,73953367092.72073,36976683546.36037,12325561182.120125,123255611821.20123,778320839827.4712,0.8416390702727129,0.9176523165418107,15.836092972728707,73.96546804140074,548651.9165241444,312189868747.311,2025-09-11 02:05:42
433,세종특별자치시,2022,284822692330.93164,29200004701.03961,314022697031.97125,9916506222.06226,4958253111.03113,1652751037.010377,16527510370.103767,330550207402.075,0.95,0.9739999999999999,5.000000000000005,80.80293190577324,761430.7564402517,125869664917.3432,2025-09-11 02:05:42
434,경기도,2022,11701588852991.783,1752078902898.6968,13453667755890.48,424852665975.48926,212426332987.74463,70808777662.58154,708087776625.8154,14161755532516.297,0.95,0.9739999999999999,5.000000000000004,97.49562894406522,811026.301268653,4098353927455.9097,2025-09-11 02:05:42
435,강원도,2022,335823657060.30756,62141443368.154915,397965100428.46246,244620948486.2128,122310474243.1064,40770158081.03547,407701580810.3547,805666681238.8171,0.4939575009066274,0.7368579004714463,50.60424990933726,47.711300546918075,402882.05205109646,319086460626.02325,2025-09-11 02:05:42
436,충청북도,2022,399622352650.5497,33609385604.719593,433231738255.2693,164387544404.1923,82193772202.09615,27397924067.365387,273979240673.65384,707210978928.9231,0.6125919296549982,0.7985478034205992,38.74080703450018,63.64920043138349,362414.85953663813,249979414043.09515,2025-09-11 02:05:42
437,충청남도,2022,692819256447.8674,104203055056.8046,797022311504.672,143753645161.7141,71876822580.85706,23958940860.28569,239589408602.85687,1036611720107.5288,0.7688725643792605,0.8798137334772156,23.11274356207395,75.85337051347555,381411.4870425096,476291563008.3495,2025-09-11 02:05:42
438,전라북도,2022,494119426784.2299,55362864388.89264,549482291173.12256,214962912264.6815,107481456132.34074,35827152044.11358,358271520441.1358,907753811614.2583,0.6053208305410234,0.7947668318813322,39.46791694589766,55.40962952351539,403107.87463831867,99463138337.69196,2025-09-11 02:05:42
439,전라남도,2022,800662610830.546,97088192729.94403,897750803560.49,28350025375.594448,14175012687.797224,4725004229.265742,47250042292.65741,945000845853.1475,0.95,0.974,5.0000000000000036,90.83683352024939,394293.6833883883,375315684840.7249,2025-09-11 02:05:42
440,경상북도,2022,658008570447.8243,137614052792.56927,795622623240.3936,365124472470.2198,182562236235.1099,60854078745.03664,608540787450.3663,1404163410690.7598,0.5666168319034872,0.7746407525898134,43.33831680965128,58.04789807671898,397023.49517074536,326547867176.642,2025-09-11 02:05:42
441,경상남도,2022,585208587915.4884,44223168263.48253,629431756178.971,490687811628.4907,245343905814.24536,81781301938.08179,817813019380.8179,1447244775559.7888,0.434917276474886,0.7061569837669407,56.508272352511405,38.504500461766796,362441.20755676896,477620526365.26807,2025-09-11 02:05:42
442,제주특별자치도,2022,218488899032.70267,32353903578.785877,250842802611.48856,66133346490.82453,33066673245.412266,11022224415.137423,110222244151.37422,361065046762.8628,0.694730228972385,0.8412597190656402,30.5269771027615,59.26226311793441,417239.92137466127,122602244225.77217,2025-09-11 02:05:42
443,서울특별시,2023,8321720647137.484,1657419150835.6482,9979139797973.133,315130730462.30975,157565365231.15488,52521788410.384964,525217884103.84955,10504357682076.982,0.95,0.974,5.0000000000000036,91.86924127001659,815995.0405542885,2299574211713.2217,2025-09-11 02:05:42
444,부산광역시,2023,1597896850896.3542,192166337697.32285,1790063188593.677,372228355513.4814,186114177756.7407,62038059252.2469,620380592522.469,2410443781116.146,0.7426280598690402,0.866166591131901,25.737194013095976,66.26018071915959,577012.3639749566,943550601378.3202,2025-09-11 02:05:42
445,대구광역시,2023,1568266409103.8926,192721611430.06366,1760988020533.9563,62570090439.4775,31285045219.73875,10428348406.579584,104283484065.79584,1865271504599.7522,0.9440920617676123,0.9709278721191583,5.590793823238771,98.15927275721526,612513.9290275988,413239444410.01135,2025-09-11 02:05:42
446,인천광역시,2023,1577477070369.694,314647850809.24664,1892124921178.9407,251442388589.42072,125721194294.71036,41907064764.90346,419070647649.03455,2311195568827.975,0.8186779806515688,0.9057125499388159,18.13220193484312,84.15453252993345,587995.0048982258,577927849917.1046,2025-09-11 02:05:42
447,광주광역시,2023,624197061477.3243,86931822536.6407,711128884013.9651,194725609761.9012,97362804880.9506,32454268293.650204,324542682936.502,1035671566950.467,0.6866355191230002,0.8370504699439603,31.336448087699974,71.0174633028676,554816.3792007891,425409905555.1179,2025-09-11 02:05:42
448,대전광역시,2023,846233907867.1847,83811936341.84225,930045844209.027,29369868764.495617,14684934382.247808,4894978127.415936,48949781274.15936,978995625483.1863,0.95,0.9740000000000001,5.000000000000005,98.73728645378628,525529.8289834015,311713492308.2266,2025-09-11 02:05:42
449,울산광역시,2023,513119010628.8445,94767659124.93724,607886669753.7817,118479330482.08745,59239665241.043724,19746555080.34791,197465550803.47906,805352220557.2607,0.7548084604934181,0.8725003994565774,24.51915395065819,75.42074839217769,546903.3284704833,277782809054.11285,2025-09-11 02:05:42
450,세종특별자치시,2023,240804939197.2505,52955319532.14401,293760258729.39453,58367087090.35851,29183543545.179256,9727847848.393087,97278478483.93085,391038737213.3254,0.7512305835038997,0.8706399034220279,24.876941649610025,63.290011954253444,810488.2826374955,149866535071.56323,2025-09-11 02:05:42
451,경기도,2023,11791755762080.514,1565046795264.7568,13356802557345.27,421793764968.7984,210896882484.3992,70298960828.13307,702989608281.3307,14059792165626.6,0.95,0.9740000000000001,5.000000000000005,89.68170906989195,813659.4755857107,4940174819191.16,2025-09-11 02:05:42
452,강원도,2023,570797984319.0828,112322877941.28618,683120862260.3689,21572237755.59062,10786118877.79531,3595372959.2651033,35953729592.65103,719074591853.0199,0.95,0.9740000000000001,5.000000000000005,91.20950508828349,354478.0754996147,250166508105.7353,2025-09-11 02:05:42
453,충청북도,2023,275360823467.65466,35064997476.02962,310425820943.68427,231798550632.23795,115899275316.11897,38633091772.039665,386330917720.3966,696756738664.0808,0.4455297002779993,0.7116754441445596,55.44702997220007,43.68807239354403,341843.4832874378,309706701202.641,2025-09-11 02:05:42
454,충청남도,2023,224595798647.87506,44452152338.75891,269047950986.63397,524088994618.4525,262044497309.22626,87348165769.7421,873481657697.4208,1142529608684.0547,0.2354844451659494,0.6024519114862938,76.45155548340506,25.295221250146373,401921.8941982414,363575916796.043,2025-09-11 02:05:42
455,전라북도,2023,597388562402.7036,102524022213.10004,699912584615.8037,234546873609.05164,117273436804.52582,39091145601.508606,390911456015.08606,1090824040630.8898,0.6416365596517306,0.8136510110188999,35.836344034826936,66.1680967618916,457738.10436995473,194529297877.6135,2025-09-11 02:05:42
456,전라남도,2023,581209938612.5542,98079605901.13924,679289544513.6935,198081527547.593,99040763773.7965,33013587924.598835,330135879245.9883,1009425423759.6818,0.6729467363558448,0.8299323029050393,32.70532636441552,68.322924800444,402272.4554331249,252772816224.20853,2025-09-11 02:05:42
457,경상북도,2023,527141349482.3908,52395439501.90518,579536788984.296,352441486209.8674,176220743104.9337,58740247701.64457,587402477016.4456,1166939266000.7417,0.4966297783178098,0.7382474847252611,50.337022168219015,50.2833080688867,361278.9713945664,213108022953.5098,2025-09-11 02:05:42
458,경상남도,2023,451017496778.0691,77124853980.02939,528142350758.0985,781015553839.8076,390507776919.9038,130169258973.30127,1301692589733.0127,1829834940491.1113,0.28862841072230805,0.6300867735756002,71.13715892776919,26.72656593444237,419046.33371830767,190025660524.95087,2025-09-11 02:05:42
459,제주특별자치도,2023,221818366780.37912,21178086199.97816,242996452980.35727,60256954147.55058,30128477073.77529,10042825691.25843,100428256912.58429,343424709892.9415,0.7075683431635086,0.8479355384450245,29.243165683649142,65.80520853374844,414072.5458752591,146705553868.6379,2025-09-11 02:05:42
460,서울특별시,2024,8804519817863.355,984786856815.2253,9789306674678.58,309136000253.0081,154568000126.50406,51522666708.83469,515226667088.3469,10304533341766.928,0.95,0.9739999999999999,5.000000000000005,93.88568773906924,859533.0950847113,2632725510941.2866,2025-09-11 02:05:43
461,부산광역시,2024,1804598076964.1602,140098702426.7638,1944696779390.9238,450011872484.4107,225005936242.20535,75001978747.40178,750019787474.0178,2694716566864.9414,0.7216702503348625,0.8552685301741285,27.832974966513746,73.80235927386175,667623.916624518,941438318321.9897,2025-09-11 02:05:43
462,대구광역시,2024,1514286596073.2473,248521876864.81482,1762808472938.062,109937050520.65018,54968525260.32509,18322841753.441696,183228417534.417,1946036890472.479,0.9058453524537601,0.9510395832759552,9.415464754623994,89.15631741673123,613686.9871447148,875782636392.49,2025-09-11 02:05:43
463,인천광역시,2024,1919404404921.9492,425270928919.51624,2344675333841.4653,169868290438.61664,84934145219.30832,28311381739.76944,283113817397.6944,2627789151239.1597,0.8922615928815334,0.9439760282983973,10.77384071184666,86.89282736272112,653552.4219331504,1216119790767.4446,2025-09-11 02:05:43
464,광주광역시,2024,662796523906.7968,76198877436.95357,738995401343.7504,153956227849.21994,76978113924.60997,25659371308.203327,256593713082.03323,995589114425.7836,0.7422694670280456,0.8659801228545838,25.773053297195435,73.87500033477117,542568.7319599271,139793576791.67697,2025-09-11 02:05:43
465,대전광역시,2024,673812131671.2612,173940709856.20605,847752841527.4673,112987414886.71223,56493707443.35612,18831235814.452038,188312358144.5204,1036065199671.9877,0.8182427532513021,0.9054862316906771,18.175724674869787,73.27082014732363,483692.7052950957,295763866029.4812,2025-09-11 02:05:43
466,울산광역시,2024,746524147711.8973,139813046411.78226,886337194123.6796,27989595603.905697,13994797801.952848,4664932600.65095,46649326006.50949,932986520130.1891,0.95,0.9739999999999999,5.0000000000000036,99.40996010521569,629407.2025056572,460348444680.7715,2025-09-11 02:05:43
467,세종특별자치시,2024,224064538578.25275,38842910024.1505,262907448602.40326,28271873526.44541,14135936763.222706,4711978921.074236,47119789210.742355,310027237813.1456,0.8480140340470936,0.9209672977044886,15.198596595290637,88.8860918279812,665129.4586151086,74877254475.1617,2025-09-11 02:05:43
468,경기도,2024,12137945385418.316,2520110198392.855,14658055583811.172,462885965804.5638,231442982902.2819,77147660967.42729,771476609674.273,15429532193485.445,0.95,0.9739999999999999,5.000000000000004,97.12671946327076,833857.7005207901,6526184403004.006,2025-09-11 02:05:43
469,강원도,2024,351216776843.6508,73686870269.30989,424903647112.9607,244256449416.47568,122128224708.23784,40709408236.07928,407094082360.7928,831997729473.7534,0.5107028926409647,0.7455655041733017,48.929710735903534,59.21191165322863,403942.7471357856,96209228575.26303,2025-09-11 02:05:43
470,충청북도,2024,338614292715.4983,57086159878.23396,395700452593.73224,188065097058.0143,94032548529.00716,31344182843.002388,313441828430.02386,709142281023.7561,0.557998674148265,0.7701593105570977,44.2001325851735,46.49019425055198,334161.39422922244,177508224540.03882,2025-09-11 02:05:43
471,충청남도,2024,718397507245.8365,84984016397.321,803381523643.1576,189559566174.6086,94779783087.3043,31593261029.101437,315932610291.01434,1119314133934.1719,0.7177444644779276,0.8532271215285224,28.225553552207238,61.621895435698924,419932.8106287598,232701062560.29828,2025-09-11 02:05:43
472,전라북도,2024,747219400632.5491,157883788773.5037,905103189406.0527,28582205981.243797,14291102990.621899,4763700996.873966,47637009968.739655,952740199374.7924,0.95,0.974,5.0000000000000036,83.45381760128048,384995.955706288,434816791416.41693,2025-09-11 02:05:43
473,전라남도,2024,487142979301.7549,45367433076.20477,532510412377.95966,222429192412.6775,111214596206.33875,37071532068.77959,370715320687.79584,903225733065.7555,0.5895651473198146,0.7865738766063036,41.04348526801854,59.67539774053795,383155.60542428936,379660303528.01324,2025-09-11 02:05:43
474,경상북도,2024,792124621291.837,134450627878.23161,926575249170.0686,264876022062.98334,132438011031.49167,44146003677.163895,441460036771.63885,1368035285941.7075,0.6773036183290014,0.8321978815310808,32.26963816709985,69.18530007375757,396315.36242594663,455094881373.02515,2025-09-11 02:05:43
475,경상남도,2024,792601327942.1361,101014043391.27902,893615371333.4152,478184034240.8609,239092017120.43045,79697339040.14348,796973390401.4348,1690588761734.85,0.5285823445415573,0.7548628191616098,47.141765545844265,48.675526560664345,400343.0940376154,521490739964.9727,2025-09-11 02:05:43
476,제주특별자치도,2024,160830442836.40295,12063280740.539663,172893723576.94263,106118061978.76894,53059030989.38447,17686343663.128155,176863436631.28156,349757160208.2242,0.4943250439076421,0.7370490228319738,50.56749560923579,51.8594227427163,427843.5409253635,140290284700.48788,2025-09-11 02:05:43
477,서울특별시,2025,7880348784412.533,1502817402874.8284,9383166187287.361,296310511177.4959,148155255588.74796,49385085196.24933,493850851962.4932,9877017039249.855,0.95,0.9739999999999999,5.000000000000004,94.62906779166994,765937.5792790527,2726708247805.931,2025-09-11 02:05:43
478,부산광역시,2025,1800125171096.1309,185384706980.0164,1985509878076.1472,225756321715.20654,112878160857.60327,37626053619.201096,376260536192.0109,2361770414268.158,0.8406870820639851,0.9171572826732722,15.931291793601488,83.92109232263078,569179.8794311935,704502153963.664,2025-09-11 02:05:43
479,대구광역시,2025,1334357427337.7532,147660885568.3367,1482018312906.0898,284191174776.29535,142095587388.14767,47365195796.04923,473651957960.49225,1955670270866.582,0.757805819817156,0.8740590263049212,24.219418018284397,85.66474175994979,643573.4924544626,947952162834.5431,2025-09-11 02:05:43
480,인천광역시,2025,1925476300836.9954,93582867462.02304,2019059168299.0183,183606086518.4847,91803043259.24236,30601014419.747456,306010144197.4745,2325069312496.4927,0.8683866573126361,0.9315610618025708,13.161334268736391,87.39136488261481,670690.5488259511,512196936664.0682,2025-09-11 02:05:43
481,광주광역시,2025,684930563213.8705,73738373233.99901,758668936447.8695,105581843903.59958,52790921951.79979,17596973983.933266,175969739839.3326,934638676287.2021,0.8117243119679551,0.9020966422233366,18.827568803204482,79.228431516204,510464.02268779813,287255803393.1567,2025-09-11 02:05:43
482,대전광역시,2025,884745543880.9493,194415879760.3767,1079161423641.326,34078781799.199802,17039390899.599901,5679796966.533301,56797969665.33301,1135959393306.6592,0.95,0.9739999999999998,5.000000000000004,101.95667440681768,544626.3735801474,452200139953.3303,2025-09-11 02:05:43
483,울산광역시,2025,621175307407.4424,79508634035.90846,700683941443.3508,38747328649.36836,19373664324.68418,6457888108.228062,64578881082.28061,765262822525.6315,0.9156121541758059,0.956118320171419,8.43878458241941,96.62911140530069,541009.7575880368,241146504816.11435,2025-09-11 02:05:43
484,세종특별자치시,2025,285728601675.87427,28320085503.03846,314048687178.9127,9917326963.54462,4958663481.77231,1652887827.257437,16528878272.574368,330577565451.48706,0.95,0.9740000000000001,5.000000000000004,99.61161269440714,753801.8775250608,121871653146.11484,2025-09-11 02:05:43
485,경기도,2025,12524640257725.748,1849415917196.5112,14374056174922.26,453917563418.5981,226958781709.29904,75652927236.43303,756529272364.3301,15130585447286.59,0.95,0.974,5.0000000000000036,100.59853177428198,856649.2430303853,5584702519091.358,2025-09-11 02:05:43
486,강원도,2025,292703434220.69324,60552981335.94169,353256415556.63495,266817286813.39746,133408643406.69873,44469547802.23291,444695478022.3291,797951893578.9641,0.4427039003218773,0.7102060281673761,55.729609967812266,42.47078432029649,386650.3069772274,115654035816.04672,2025-09-11 02:05:43
487,충청북도,2025,272658350467.25137,34762429018.61482,307420779485.8662,277235712859.87354,138617856429.93677,46205952143.312256,462059521433.12256,769480300918.9888,0.39951741340059543,0.6877490549683096,60.04825865994046,40.65932783392242,374160.7743736198,326888770513.4295,2025-09-11 02:05:43
488,충청남도,2025,653628746190.0444,96760008824.15579,750388755014.2002,235850810842.69974,117925405421.34987,39308468473.78329,393084684737.8329,1143473439752.0332,0.6562362788041015,0.8212428649781327,34.376372119589846,60.73976646639474,416051.18374681845,489947184776.3033,2025-09-11 02:05:43
489,전라북도,2025,416978572337.2131,89097670388.17622,506076242725.3893,228107197296.35632,114053598648.17816,38017866216.05939,380178662160.5939,886254904885.9832,0.5710278610988292,0.7769344877713912,42.89721389011708,48.920760689302526,355859.925200819,285363227565.5206,2025-09-11 02:05:43
490,전라남도,2025,471234601738.0077,44973072670.34803,516207674408.3557,216976912994.97372,108488456497.48686,36162818832.49563,361628188324.9562,877835862733.3119,0.5880457797668953,0.7857838054787857,41.19542202331046,58.06270768889907,369970.91397146,339543631828.0227,2025-09-11 02:05:43
491,경상북도,2025,887494485609.4111,134767247859.96223,1022261733469.3734,237359408454.69586,118679704227.34793,39559901409.11598,395599014091.1598,1417860747560.5332,0.7209888102397938,0.8549141813246928,27.901118976020623,69.35846562827903,415297.139198305,504055026247.8219,2025-09-11 02:05:43
492,경상남도,2025,1331900240396.3318,120674487634.46088,1452574728030.7927,192187161287.72333,96093580643.86166,32031193547.953888,320311935479.5388,1772886663510.3315,0.8193274606480945,0.9060502795370092,18.06725393519055,83.1720532849912,432111.0727346547,144635181658.42258,2025-09-11 02:05:43
493,제주특별자치도,2025,116893136029.91707,15032264107.887997,131925400137.80507,126740069221.57611,63370034610.788055,21123344870.262688,211233448702.62686,343158848840.43195,0.3844441155563792,0.6799109400893172,61.55558844436207,39.332061736783054,398085.29768156057,135177942891.0356,2025-09-11 02:05:43
