{
  "latestYear": 2023,
  "baselines": {
    "경기도": 8.844961240310077,
    "충청남도": 2.025577645857985,
    "경상남도": 1.9209676365198098,
    "광주광역시": 1.786584809535166,
    "부산광역시": 2.6564834298341493,
    "세종특별자치시": 2.5891472868217065,
    "충청북도": 1.3653323646666338,
    "울산광역시": 2.676791532153166,
    "전라남도": 0.7516978847952194,
    "경상북도": 1.2224176477248756,
    "강원도": 0.5609680647968242,
    "서울특별시": 9.2535156437481,
    "인천광역시": 3.2425076842859255,
    "대전광역시": 1.8052282536661606,
    "제주특별자치도": 0.8271555820844774,
    "대구광역시": 2.3875128147221134,
    "전라북도": 0.46158522603042884
  }
}